cycle,Current_min,Current_max,Current_mean,Current_std,Current_range,Current_discharge_end,Current_charge_start,Cell_V_Max_min,Cell_V_Max_max,Cell_V_Max_mean,Cell_V_Max_std,Cell_V_Max_range,Cell_V_Max_discharge_end,Cell_V_Max_charge_start,Cell_V_Min_min,Cell_V_Min_max,Cell_V_Min_mean,Cell_V_Min_std,Cell_V_Min_range,Cell_V_Min_discharge_end,Cell_V_Min_charge_start,Cell_V_Avg_min,Cell_V_Avg_max,Cell_V_Avg_mean,Cell_V_Avg_std,Cell_V_Avg_range,Cell_V_Avg_discharge_end,Cell_V_Avg_charge_start,Cell_T_Max_min,Cell_T_Max_max,Cell_T_Max_mean,Cell_T_Max_std,Cell_T_Max_range,Cell_T_Max_discharge_end,Cell_T_Max_charge_start,Cell_T_Min_min,Cell_T_Min_max,Cell_T_Min_mean,Cell_T_Min_std,Cell_T_Min_range,Cell_T_Min_discharge_end,Cell_T_Min_charge_start,Cell_T_Avg_min,Cell_T_Avg_max,Cell_T_Avg_mean,Cell_T_Avg_std,Cell_T_Avg_range,Cell_T_Avg_discharge_end,Cell_T_Avg_charge_start,SOC_min,SOC_max,SOC_mean,SOC_std,SOC_range,SOC_discharge_end,SOC_charge_start,voltage_spread_mean,voltage_spread_max,voltage_spread_std,voltage_asymmetry_mean,voltage_spread_under_load,voltage_asymmetry_under_load,thermal_spread_mean,thermal_spread_max,thermal_spread_std,thermal_spread_under_load,proxy_IR_mean,proxy_IR_median,proxy_IR_std,energy_efficiency,charge_time_to_50,charge_time_to_80,charge_time_to_95,charge_time_to_full,discharge_duration,soc_range,thermal_response_ratio,soh_label,cycle_duration,active_duration,rest_duration,voltage_spread_mean_rolling_mean_3,voltage_spread_mean_rolling_std_3,voltage_spread_mean_rolling_mean_5,voltage_spread_mean_rolling_std_5,voltage_spread_mean_rolling_mean_10,voltage_spread_mean_rolling_std_10,voltage_spread_mean_delta,voltage_spread_mean_roc,voltage_spread_under_load_rolling_mean_3,voltage_spread_under_load_rolling_std_3,voltage_spread_under_load_rolling_mean_5,voltage_spread_under_load_rolling_std_5,voltage_spread_under_load_rolling_mean_10,voltage_spread_under_load_rolling_std_10,voltage_spread_under_load_delta,voltage_spread_under_load_roc,voltage_asymmetry_mean_rolling_mean_3,voltage_asymmetry_mean_rolling_std_3,voltage_asymmetry_mean_rolling_mean_5,voltage_asymmetry_mean_rolling_std_5,voltage_asymmetry_mean_rolling_mean_10,voltage_asymmetry_mean_rolling_std_10,voltage_asymmetry_mean_delta,voltage_asymmetry_mean_roc,voltage_asymmetry_under_load_rolling_mean_3,voltage_asymmetry_under_load_rolling_std_3,voltage_asymmetry_under_load_rolling_mean_5,voltage_asymmetry_under_load_rolling_std_5,voltage_asymmetry_under_load_rolling_mean_10,voltage_asymmetry_under_load_rolling_std_10,voltage_asymmetry_under_load_delta,voltage_asymmetry_under_load_roc,thermal_spread_mean_rolling_mean_3,thermal_spread_mean_rolling_std_3,thermal_spread_mean_rolling_mean_5,thermal_spread_mean_rolling_std_5,thermal_spread_mean_rolling_mean_10,thermal_spread_mean_rolling_std_10,thermal_spread_mean_delta,thermal_spread_mean_roc,thermal_spread_under_load_rolling_mean_3,thermal_spread_under_load_rolling_std_3,thermal_spread_under_load_rolling_mean_5,thermal_spread_under_load_rolling_std_5,thermal_spread_under_load_rolling_mean_10,thermal_spread_under_load_rolling_std_10,thermal_spread_under_load_delta,thermal_spread_under_load_roc,proxy_IR_mean_rolling_mean_3,proxy_IR_mean_rolling_std_3,proxy_IR_mean_rolling_mean_5,proxy_IR_mean_rolling_std_5,proxy_IR_mean_rolling_mean_10,proxy_IR_mean_rolling_std_10,proxy_IR_mean_delta,proxy_IR_mean_roc,energy_efficiency_rolling_mean_3,energy_efficiency_rolling_std_3,energy_efficiency_rolling_mean_5,energy_efficiency_rolling_std_5,energy_efficiency_rolling_mean_10,energy_efficiency_rolling_std_10,energy_efficiency_delta,energy_efficiency_roc,thermal_response_ratio_rolling_mean_3,thermal_response_ratio_rolling_std_3,thermal_response_ratio_rolling_mean_5,thermal_response_ratio_rolling_std_5,thermal_response_ratio_rolling_mean_10,thermal_response_ratio_rolling_std_10,thermal_response_ratio_delta,thermal_response_ratio_roc,voltage_spread_max_rolling_mean_3,voltage_spread_max_rolling_std_3,voltage_spread_max_rolling_mean_5,voltage_spread_max_rolling_std_5,voltage_spread_max_rolling_mean_10,voltage_spread_max_rolling_std_10,voltage_spread_max_delta,voltage_spread_max_roc,thermal_spread_max_rolling_mean_3,thermal_spread_max_rolling_std_3,thermal_spread_max_rolling_mean_5,thermal_spread_max_rolling_std_5,thermal_spread_max_rolling_mean_10,thermal_spread_max_rolling_std_10,thermal_spread_max_delta,thermal_spread_max_roc,charge_time_to_full_rolling_mean_3,charge_time_to_full_rolling_std_3,charge_time_to_full_rolling_mean_5,charge_time_to_full_rolling_std_5,charge_time_to_full_rolling_mean_10,charge_time_to_full_rolling_std_10,charge_time_to_full_delta,charge_time_to_full_roc,discharge_duration_rolling_mean_3,discharge_duration_rolling_std_3,discharge_duration_rolling_mean_5,discharge_duration_rolling_std_5,discharge_duration_rolling_mean_10,discharge_duration_rolling_std_10,discharge_duration_delta,discharge_duration_roc,Cell_V_Avg_mean_rolling_mean_3,Cell_V_Avg_mean_rolling_std_3,Cell_V_Avg_mean_rolling_mean_5,Cell_V_Avg_mean_rolling_std_5,Cell_V_Avg_mean_rolling_mean_10,Cell_V_Avg_mean_rolling_std_10,Cell_V_Avg_mean_delta,Cell_V_Avg_mean_roc,Cell_V_Avg_range_rolling_mean_3,Cell_V_Avg_range_rolling_std_3,Cell_V_Avg_range_rolling_mean_5,Cell_V_Avg_range_rolling_std_5,Cell_V_Avg_range_rolling_mean_10,Cell_V_Avg_range_rolling_std_10,Cell_V_Avg_range_delta,Cell_V_Avg_range_roc,Current_std_rolling_mean_3,Current_std_rolling_std_3,Current_std_rolling_mean_5,Current_std_rolling_std_5,Current_std_rolling_mean_10,Current_std_rolling_std_10,Current_std_delta,Current_std_roc,SOC_range_rolling_mean_3,SOC_range_rolling_std_3,SOC_range_rolling_mean_5,SOC_range_rolling_std_5,SOC_range_rolling_mean_10,SOC_range_rolling_std_10,SOC_range_delta,SOC_range_roc,proxy_IR_trend_slope_10
1,-53.0,53.0,-0.13524370590552603,24.532995517213465,106.0,-35.05,-35.05,3.392,4.198,3.8139728539197075,0.23844643314568756,0.8060000000000005,3.415,3.416,3.384,4.194,3.808715395910182,0.2395744972573382,0.81,3.409,3.409,3.389,4.195,3.811025176377896,0.23883236743586816,0.8060000000000005,3.412,3.413,25.0,31.0,26.939655481144577,1.3784778740896075,6.0,27.0,27.0,25.0,31.0,26.62224689324213,1.3186756879374513,6.0,27.0,27.0,25.0,31.0,26.834401747663218,1.3676923804304624,6.0,27.0,27.0,10.0,100.1,59.608315725387676,28.73279546796823,90.1,10.0,10.0,0.005257458009526207,0.015000000000000124,0.002476810288443405,0.23598043917447295,0.005336263204580279,0.23573417251185377,0.317408587902446,1.0,0.46546791106178437,0.3287234900411257,0.0011908313468898468,0.0011867088607595037,9.96557093355937e-05,0.9927559873943026,2030,3206.0,4578.0,6119.0,19805,90.1,5.2237527084429794e-06,100.0,27923,24802,3121,0.005257458009526207,0.0,0.005257458009526207,0.0,0.005257458009526207,0.0,0.0,0.0,0.005336263204580279,0.0,0.005336263204580279,0.0,0.005336263204580279,0.0,0.0,0.0,0.23598043917447295,0.0,0.23598043917447295,0.0,0.23598043917447295,0.0,0.0,0.0,0.23573417251185377,0.0,0.23573417251185377,0.0,0.23573417251185377,0.0,0.0,0.0,0.317408587902446,0.0,0.317408587902446,0.0,0.317408587902446,0.0,0.0,0.0,0.3287234900411257,0.0,0.3287234900411257,0.0,0.3287234900411257,0.0,0.0,0.0,0.0011908313468898468,0.0,0.0011908313468898468,0.0,0.0011908313468898468,0.0,0.0,0.0,0.9927559873943026,0.0,0.9927559873943026,0.0,0.9927559873943026,0.0,0.0,0.0,5.2237527084429794e-06,0.0,5.2237527084429794e-06,0.0,5.2237527084429794e-06,0.0,0.0,0.0,0.015000000000000124,0.0,0.015000000000000124,0.0,0.015000000000000124,0.0,0.0,0.0,1.0,0.0,1.0,0.0,1.0,0.0,0.0,0.0,6119.0,0.0,6119.0,0.0,6119.0,0.0,0.0,0.0,19805.0,0.0,19805.0,0.0,19805.0,0.0,0.0,0.0,3.811025176377896,0.0,3.811025176377896,0.0,3.811025176377896,0.0,0.0,0.0,0.8060000000000005,0.0,0.8060000000000005,0.0,0.8060000000000005,0.0,0.0,0.0,24.532995517213465,0.0,24.532995517213465,0.0,24.532995517213465,0.0,0.0,0.0,90.1,0.0,90.1,0.0,90.1,0.0,0.0,0.0,0.0
2,-53.0,53.0,-0.05426938626622523,22.43931107925431,106.0,-17.02,-17.02,3.406,4.198,3.8531465483174756,0.23608217870608111,0.7920000000000003,3.443,3.443,3.399,4.194,3.848439340973341,0.23762340961730852,0.7949999999999999,3.438,3.437,3.403,4.195,3.850526765358543,0.23675298931984617,0.7920000000000003,3.441,3.44,25.0,32.0,26.765419339149467,1.425077543650663,7.0,27.0,27.0,25.0,31.0,26.51378545156093,1.349000054088865,6.0,27.0,27.0,25.0,31.0,26.69051889230021,1.395193796821784,6.0,27.0,27.0,10.0,100.1,64.21794388546067,28.32330839419528,90.1,10.0,10.0,0.004707207344134768,0.015000000000000124,0.002780670457317219,0.21066700074943184,0.0054864044621252515,0.24133468510649964,0.2516338875885339,1.0,0.4339519261457598,0.30349013657056145,0.0012591602355830752,0.0012522361359570472,9.12449955353099e-05,0.9831601488350308,2020,3186.0,4545.0,6067.0,24760,90.1,0.0006318320235109248,100.0,32897,24383,8514,0.004982332676830487,0.0003890859768506961,0.004982332676830487,0.0003890859768506961,0.004982332676830487,0.0003890859768506961,-0.0005502506653914385,0.0,0.005411333833352765,0.00010616590134592606,0.005411333833352765,0.00010616590134592606,0.005411333833352765,0.00010616590134592606,0.00015014125754497266,0.0,0.22332371996195238,0.017899303965494676,0.22332371996195238,0.017899303965494676,0.22332371996195238,0.017899303965494676,-0.025313438425041107,0.0,0.2385344288091767,0.003960160433794765,0.2385344288091767,0.003960160433794765,0.2385344288091767,0.003960160433794765,0.005600512594645862,0.0,0.28452123774549,0.04650973662248023,0.28452123774549,0.04650973662248023,0.28452123774549,0.04650973662248023,-0.06577470031391214,0.0,0.31610681330584356,0.01784267535111308,0.31610681330584356,0.01784267535111308,0.31610681330584356,0.01784267535111308,-0.025233353470564268,0.0,0.0012249957912364609,4.831582054592275e-05,0.0012249957912364609,4.831582054592275e-05,0.0012249957912364609,4.831582054592275e-05,6.832888869322848e-05,0.0,0.9879580681146667,0.006785282516432453,0.9879580681146667,0.006785282516432453,0.9879580681146667,0.006785282516432453,-0.009595838559271819,0.0,0.00031852788810968387,0.0004430789574320114,0.00031852788810968387,0.0004430789574320114,0.00031852788810968387,0.0004430789574320114,0.0006266082708024819,0.0,0.015000000000000124,0.0,0.015000000000000124,0.0,0.015000000000000124,0.0,0.0,0.0,1.0,0.0,1.0,0.0,1.0,0.0,0.0,0.0,6093.0,36.76955262170047,6093.0,36.76955262170047,6093.0,36.76955262170047,-52.0,0.0,22282.5,3503.714100779343,22282.5,3503.714100779343,22282.5,3503.714100779343,4955.0,0.0,3.8307759708682196,0.027931841435859247,3.8307759708682196,0.027931841435859247,3.8307759708682196,0.027931841435859247,0.03950158898064693,0.0,0.7990000000000004,0.009899494936611831,0.7990000000000004,0.009899494936611831,0.7990000000000004,0.009899494936611831,-0.014000000000000234,0.0,23.486153298233887,1.480458463745664,23.486153298233887,1.480458463745664,23.486153298233887,1.480458463745664,-2.093684437959155,0.0,90.1,0.0,90.1,0.0,90.1,0.0,0.0,0.0,0.0
3,-53.0,53.0,-0.042173939672332024,22.403359925825193,106.0,-46.57,-46.57,3.388,4.198,3.832812310519063,0.22179588243138718,0.8100000000000005,3.397,3.396,3.381,4.194,3.8276784565916397,0.2230026811460396,0.8130000000000002,3.389,3.389,3.385,4.195,3.8299753789618745,0.2222135597850426,0.8100000000000005,3.394,3.393,25.0,32.0,26.7913642627469,1.476333637149573,7.0,27.0,27.0,25.0,31.0,26.56781503598224,1.3694344061125536,6.0,27.0,27.0,25.0,31.0,26.71370387383249,1.4132649948571432,6.0,27.0,27.0,10.0,100.1,62.46277446026642,26.89086917817983,90.1,10.0,10.0,0.005133853927423055,0.015000000000000124,0.0024740943786431798,0.2266154254947864,0.005533510065446114,0.2413701885415438,0.22354922676466085,1.0,0.41662329504911644,0.27259547676248863,0.0013035229681493783,0.001297648012976481,8.898055864607128e-05,0.9807303604171996,2006,3163.0,4512.0,6021.0,24669,90.1,0.0003223460846272225,99.0,32655,24142,8513,0.005032839760361343,0.00028869853680146834,0.005032839760361343,0.00028869853680146834,0.005032839760361343,0.00028869853680146834,0.00042664658328828674,-6.180204105157589e-05,0.005452059244050548,0.00010301105054219042,0.005452059244050548,0.00010301105054219042,0.005452059244050548,0.00010301105054219042,4.710560332086243e-05,9.862343043291755e-05,0.22442095513956373,0.012798606030718737,0.22442095513956373,0.012798606030718737,0.22442095513956373,0.012798606030718737,0.015948424745354545,-0.004682506839843281,0.23947968205329906,0.0032437549872436967,0.23947968205329906,0.0032437549872436967,0.23947968205329906,0.0032437549872436967,3.550343504415965e-05,0.002818008014845011,0.2641972340852136,0.048174403729522405,0.2641972340852136,0.048174403729522405,0.2641972340852136,0.048174403729522405,-0.028084660823873037,-0.04692968056889259,0.30160303445805864,0.02811155161920049,0.30160303445805864,0.02811155161920049,0.30160303445805864,0.02811155161920049,-0.030894659808072822,-0.028064006639318545,0.0012511715168741,5.6768962430925024e-05,0.0012511715168741,5.6768962430925024e-05,0.0012511715168741,5.6768962430925024e-05,4.436273256630302e-05,5.634581062976575e-05,0.9855488322155109,0.006358717029971032,0.9855488322155109,0.006358717029971032,0.9855488322155109,0.006358717029971032,-0.002429788417831147,-0.006012813488551483,0.0003198006202821967,0.0003133118906155142,0.0003198006202821967,0.0003133118906155142,0.0003198006202821967,0.0003133118906155142,-0.0003094859388837023,0.00015856116595938975,0.015000000000000124,0.0,0.015000000000000124,0.0,0.015000000000000124,0.0,0.0,0.0,1.0,0.0,1.0,0.0,1.0,0.0,0.0,0.0,6069.0,49.03060268852505,6069.0,49.03060268852505,6069.0,49.03060268852505,-46.0,-49.0,23078.0,2834.86631078081,23078.0,2834.86631078081,23078.0,2834.86631078081,-91.0,2432.0,3.830509106899438,0.01975620237121734,3.830509106899438,0.01975620237121734,3.830509106899438,0.01975620237121734,-0.020551386396668647,0.00947510129198914,0.8026666666666671,0.00945163125250535,0.8026666666666671,0.00945163125250535,0.8026666666666671,0.00945163125250535,0.018000000000000238,0.0020000000000000018,23.125222174097654,1.2192999879229132,23.125222174097654,1.2192999879229132,23.125222174097654,1.2192999879229132,-0.035951153429117255,-1.064817795694136,90.1,0.0,90.1,0.0,90.1,0.0,0.0,0.0,5.634581062976571e-05
4,-53.0,53.0,-0.03670496664195658,22.486770009903875,106.0,-20.7,-9.67,3.395,4.199,3.8050304546577713,0.21784881682478865,0.8039999999999998,3.436,3.452,3.387,4.194,3.7992074993822587,0.21890292325105234,0.8069999999999999,3.43,3.446,3.392,4.195,3.8018037126266373,0.21819343783807107,0.8030000000000004,3.433,3.448,25.0,32.0,26.85492340004942,1.4943222501233602,7.0,27.0,27.0,25.0,31.0,26.605046948356808,1.3852707397853725,6.0,27.0,27.0,25.0,32.0,26.776377563627378,1.452367144520123,7.0,27.0,27.0,10.0,100.1,59.92529342723004,26.175043555882553,90.1,10.0,10.0,0.005822955275512755,0.016000000000000014,0.002459350645587224,0.2530390190985097,0.005655456905938525,0.24459683903360196,0.2498764516926118,1.0,0.4329413477390692,0.2997319708518301,0.0013368018460768983,0.0013333333333334035,8.888969124682816e-05,0.9792617765356668,2014,3164.0,4503.0,6002.0,24431,90.1,0.0005190119771510983,99.0,32376,23878,8498,0.005221338849023527,0.0005629951777983049,0.005230368639149196,0.0004600382541212754,0.005230368639149196,0.0004600382541212754,0.0006891013480897004,0.0005578739656889936,0.005558457144503297,8.724362300434251e-05,0.005502908659522542,0.00013197286301071303,0.005502908659522542,0.00013197286301071303,0.00012194684049241129,8.452622190663686e-05,0.23010714844757596,0.0214007261939385,0.23157547112930021,0.01771867020243375,0.23157547112930021,0.01771867020243375,0.02642359360372329,0.021186009174538917,0.2424339042272151,0.001873240602801712,0.24075897129837479,0.003682520174433707,0.24075897129837479,0.003682520174433707,0.0032266504920581696,0.0016310769635511646,0.24168652201526886,0.01573191833464274,0.26061703848706314,0.039980661807271424,0.26061703848706314,0.039980661807271424,0.02632722492795095,-0.0008787179479610441,0.2919391947282934,0.016857209761636387,0.30113526855650147,0.02297204335811874,0.30113526855650147,0.02297204335811874,0.02713649408934149,-0.001879082859365666,0.0012998283499364505,3.895243988279964e-05,0.0012725790991747997,6.310004001716176e-05,0.0012725790991747997,6.310004001716176e-05,3.3278877927520045e-05,3.8820805246911534e-05,0.9810507619292991,0.0019688370914906494,0.98397706829555,0.006069373014724101,0.98397706829555,0.006069373014724101,-0.0014685838815328145,-0.0019491861496819807,0.0004910633617630819,0.00015662448856504566,0.00036960345949942216,0.00027452538141994415,0.00036960345949942216,0.00027452538141994415,0.00019666589252387583,-5.641002317991324e-05,0.015333333333333421,0.0005773502691895622,0.015250000000000097,0.0004999999999999449,0.015250000000000097,0.0004999999999999449,0.0009999999999998899,0.0004999999999999449,1.0,0.0,1.0,0.0,1.0,0.0,0.0,0.0,6030.0,33.421549934136806,6052.25,52.200734349879276,6052.25,52.200734349879276,-19.0,-32.5,24620.0,169.88525539316237,23416.25,2411.492673981546,23416.25,2411.492673981546,-238.0,-164.5,3.827435285649018,0.024460642313879007,3.8233327583312375,0.021591779373430386,3.8233327583312375,0.021591779373430386,-0.028171666335237155,-0.0243615263659529,0.8016666666666671,0.009073771725877583,0.8027500000000004,0.007719024117939717,0.8027500000000004,0.007719024117939717,-0.007000000000000117,0.00550000000000006,22.443147004994458,0.041837139914338996,22.96560913304921,1.045482471648126,22.96560913304921,1.045482471648126,0.08341008407868244,0.023729465324782595,90.1,0.0,90.1,0.0,90.1,0.0,0.0,0.0,4.8227423012745604e-05
5,-53.0,53.0,-0.031628013707012924,22.270771648423448,106.0,-53.0,-53.0,3.382,4.199,3.789522396279525,0.22657529038734242,0.8169999999999997,3.383,3.383,3.373,4.194,3.783828050422225,0.2276780966160836,0.8209999999999997,3.375,3.375,3.379,4.195,3.7864007465426512,0.22688331139870765,0.8160000000000003,3.38,3.38,25.0,32.0,26.883092644719127,1.4907446788678713,7.0,27.0,27.0,25.0,31.0,26.641965487700404,1.3804308325127328,6.0,27.0,27.0,25.0,32.0,26.822573736384776,1.449598979582335,7.0,27.0,27.0,10.0,100.1,57.71213131807612,26.753521083061763,90.1,10.0,10.0,0.005694345857300267,0.016000000000000014,0.002433904863972506,0.24496130404780825,0.005717085447868962,0.2477383506108849,0.24112715701872475,1.0,0.4277672862279115,0.28510129141395385,0.0013694916771022753,0.001365853658536565,9.25019611744764e-05,0.9782888219671724,1990,3134.0,4466.0,5956.0,24620,90.1,-0.0001859514506962436,99.0,32684,24237,8447,0.005550385020078693,0.00036641330349062624,0.005323164082779411,0.0004492008105890446,0.005323164082779411,0.0004492008105890446,-0.0001286094182124881,0.00028024596493860616,0.005635350806417867,9.34246845666303e-05,0.005545744017191826,0.0001491206449882467,0.005545744017191826,0.0001491206449882467,6.16285419304365e-05,9.17876912114239e-05,0.2415385828803681,0.013540230421828652,0.2342526377130018,0.016471173603948293,0.2342526377130018,0.016471173603948293,-0.008077715050701428,0.00917293927651093,0.24456845939534355,0.0031841758883971497,0.24215484716087682,0.00446240554453674,0.24215484716087682,0.00446240554453674,0.0031415115772829294,0.0031840810346705495,0.2381842784919991,0.013408060770261746,0.25671906219339546,0.035704496703364064,0.25671906219339546,0.035704496703364064,-0.008749294673887048,0.00878896512703195,0.2858095796760909,0.013582105214653788,0.297928473127992,0.021147192878418007,0.297928473127992,0.021147192878418007,-0.01463067943787627,0.0062529073257326095,0.0013366054971095172,3.298479278267152e-05,0.0012919616147602946,6.974683390473985e-05,0.0012919616147602946,6.974683390473985e-05,3.268983102537701e-05,3.298435447644853e-05,0.9794269863066796,0.0012291249741461167,0.9828394190298745,0.005839451673946463,0.9828394190298745,0.005839451673946463,-0.0009729545684944441,-0.0012207692250136293,0.00021846887036069238,0.00036378044942437404,0.000258492477460289,0.00034387699898557803,0.000258492477460289,0.00034387699898557803,-0.0007049634278473419,-0.00025414876766173306,0.015666666666666718,0.0005773502691895622,0.01540000000000008,0.0005477225575051058,0.01540000000000008,0.0005477225575051058,0.0,0.0004999999999999449,1.0,0.0,1.0,0.0,1.0,0.0,0.0,0.0,5993.0,33.421549934136806,6033.0,62.42195126716242,6033.0,62.42195126716242,-46.0,-32.5,24573.333333333332,125.67550808862232,23657.0,2156.6815944872346,23657.0,2156.6815944872346,189.0,-24.5,3.806059946043721,0.022096918106222604,3.8159463559735203,0.024948915834833902,3.8159463559735203,0.024948915834833902,-0.015402966083986058,-0.021787316209611607,0.8096666666666671,0.00650640709864763,0.8054000000000003,0.00893308457365096,0.8054000000000003,0.00893308457365096,0.0129999999999999,0.0029999999999998916,22.386967194717503,0.10892825283382403,22.82664163612406,0.9572538978248232,22.82664163612406,0.9572538978248232,-0.21599836148042684,-0.0662941387008722,90.1,0.0,90.1,0.0,90.1,0.0,0.0,0.0,4.349622709186805e-05
6,-53.0,53.0,-0.029408350496162167,22.473913419715693,106.0,-23.04,-23.04,3.382,4.199,3.779044623353929,0.22969723635491254,0.8169999999999997,3.427,3.427,3.374,4.194,3.7738059040129817,0.23039582894006044,0.8199999999999998,3.42,3.421,3.379,4.195,3.7762458029083192,0.22974736122742703,0.8160000000000003,3.423,3.424,25.0,32.0,26.933096174249517,1.5148741221603546,7.0,27.0,27.0,25.0,31.0,26.732509517568495,1.3949860687311455,6.0,27.0,27.0,25.0,32.0,26.87262060787618,1.478190671151916,7.0,27.0,27.0,10.0,100.1,55.376671035386636,27.589368191362976,90.1,10.0,10.0,0.0052387193409474285,0.016000000000000014,0.0026275238966425654,0.2205255744737131,0.005775684640244941,0.24837953683630015,0.20058665668102102,1.0,0.40043932104945845,0.22912059874128254,0.0013965283807844083,0.0013888888888888592,9.186182787903618e-05,0.9772296667380402,1984,3122.0,4447.0,5928.0,24165,90.1,-0.0004541273920816056,99.0,32046,23516,8530,0.00558534015792015,0.0003069928153595248,0.005319416349063655,0.0004499635740135285,0.005309089959140746,0.0004032537418602115,-0.00045562651635283873,-0.0002921179672826634,0.005716075664684142,6.012022763324682e-05,0.005633628304324759,0.00012177859694973602,0.005584067454367345,0.00016310024043834,5.859919237597919e-05,6.011386715320784e-05,0.23950863254001034,0.016928666228365183,0.23116166477284983,0.017484812254261007,0.23196479383978705,0.01576213898690025,-0.02443572957409515,-0.01625672231239829,0.24690490882692903,0.0020243936307120895,0.24468392002576608,0.003361283378516576,0.24319229544011403,0.004731621729141442,0.0006411862254152578,0.0018913489013490936,0.23053008846411918,0.026298181867468018,0.23335467594911047,0.02143245222972408,0.24736366127466639,0.03930636113879495,-0.04054050033770373,-0.02464489750579539,0.27131795366902217,0.03726897861998228,0.2780078948680233,0.02996188573182336,0.2864604940635404,0.03386517793022512,-0.055980692672671306,-0.03530568605527379,0.0013676073013211942,2.990782324250838e-05,0.0013331010215392072,5.40904494470384e-05,0.0013093894090976468,7.55914331427747e-05,2.7036703682132993e-05,2.9863267353755e-05,0.9782600884136264,0.0010163595673913913,0.9797341548986219,0.002308378729464267,0.9819044603145688,0.005703003022780325,-0.001059155229132136,-0.00101605489881329,-4.035562187558364e-05,0.000502641688497022,0.00016662224850227925,0.0004675700210689849,0.00013972249920330654,0.000423366222974916,-0.00026817594138536197,-0.00048656968461635195,0.016000000000000014,0.0,0.015600000000000058,0.0005477225575051058,0.01550000000000007,0.0005477225575051058,0.0,0.0,1.0,0.0,1.0,0.0,1.0,0.0,0.0,0.0,5962.0,37.36308338453881,5994.8,54.586628399270126,6015.5,70.38962991804972,-28.0,-37.0,24405.333333333332,228.5833181431512,24529.0,236.29536601465549,23741.666666666668,1940.1110964753195,-455.0,-133.0,3.7881500873592024,0.012868443272661737,3.808990481279605,0.030821212446210174,3.80932959712932,0.02757984239767712,-0.010154943634332003,-0.01277895485915903,0.811666666666667,0.0075055534994650465,0.8074000000000003,0.010139033484509305,0.8071666666666669,0.009086620200419239,0.0,0.00649999999999995,22.41048502601434,0.12116597660318487,22.414825216624504,0.08681864704349963,22.767853600055997,0.8682189925526229,0.20314177129224475,-0.006428295094091041,90.1,0.0,90.1,0.0,90.1,0.0,0.0,0.0,3.97930963416552e-05
7,-53.0,53.0,-0.027233586535127148,22.514981641560073,106.0,-53.0,-33.06,3.38,4.199,3.7673131087086715,0.24000915222842079,0.819,3.38,3.41,3.372,4.194,3.7617175591767262,0.24086815760780855,0.8220000000000001,3.372,3.403,3.377,4.195,3.764053046301258,0.24038366058176566,0.8180000000000005,3.377,3.407,25.0,32.0,26.96643237620954,1.4956177302846398,7.0,26.0,26.0,25.0,31.0,26.814889526271,1.3708215443168876,6.0,26.0,26.0,25.0,32.0,26.91209380023324,1.4586669237152114,7.0,26.0,26.0,10.0,100.1,52.925385318498435,29.868802874409425,90.1,10.0,10.0,0.005595549531944461,0.016000000000000014,0.0024809552375996686,0.26191856898472804,0.005825299646460295,0.24918808317068827,0.15154284993853814,1.0,0.3585772086609017,0.17366560317323446,0.0014169397370965534,0.0014075067024128922,9.530956831565185e-05,0.9764197811475848,1975,3109.0,4428.0,5901.0,23907,90.1,-0.0003627325688162969,98.0,31727,23194,8533,0.005509538243397386,0.0002396817408963454,0.005497084786625594,0.00029727435652923304,0.005350012755255562,0.0003837108854722119,0.00035683019099703225,-4.939816267790324e-05,0.0057726899115247325,5.4169220912538475e-05,0.005701407341191768,0.0001133723524400253,0.005618529196094909,0.00017458910387769993,4.9615006215354e-05,5.4107099295666594e-05,0.2424684825020831,0.020808787040367156,0.24141197841990908,0.017489181600474076,0.23624390457477862,0.01830882415607863,0.04139299451101494,0.008478632468459896,0.2484353235392911,0.0007264745287428393,0.2462545996386038,0.003237585622940647,0.24404883654448178,0.004877756533561667,0.0008085463343881216,0.0007248662799016897,0.1977522212127613,0.044859363984313276,0.2133364684191113,0.039347179593245254,0.23367497394093378,0.05098188712431096,-0.049043806742482876,-0.044792153540093305,0.22929583110949028,0.05571805078435402,0.2520429881885579,0.05113204886857764,0.2703469382220681,0.05266151665620625,-0.05545499556804809,-0.0557178441203597,0.001394319931661079,2.3800998612514907e-05,0.0013646569218419026,4.551352289280963e-05,0.0013247537416689193,8.0088448884177e-05,2.0411356312145064e-05,2.3724029997139028e-05,0.9773127566175991,0.0009372866916724162,0.9783860813611328,0.0016937810536957186,0.9811209347192854,0.005603652624921039,-0.0008098855904554725,-0.0009345204097938042,-0.00033427047053138204,0.00013633470637943335,-3.229066996316507e-05,0.000430247469662051,6.794320377193463e-05,0.000430617776841297,9.13948232653087e-05,-8.839055906002665e-05,0.016000000000000014,0.0,0.015800000000000036,0.0004472135954999087,0.015571428571428634,0.0005345224838247899,0.0,0.0,1.0,0.0,1.0,0.0,1.0,0.0,0.0,0.0,5928.333333333333,27.50151510977763,5961.6,49.98299710901713,5999.142857142857,77.4713464695788,-27.0,-27.5,24230.666666666668,361.00738681269854,24358.4,320.68021454402236,23765.285714285714,1772.1731211787892,-258.0,-356.5,3.775566531917409,0.011189324525146396,3.791695737468148,0.02548704522127314,3.8028615184395966,0.030442164549449292,-0.012192756607061206,-0.011173850120696605,0.816666666666667,0.0011547005383791943,0.8126000000000004,0.0061481704595759,0.8087142857142862,0.009250482612892656,0.002000000000000224,0.001000000000000112,22.419888903233073,0.13076167815086023,22.429959329085655,0.09802608719757874,22.731729034556583,0.7983138932474462,0.041068221844380304,0.12210499656831253,90.1,0.0,90.1,0.0,90.1,0.0,0.0,0.0,3.639393464198878e-05
8,-53.0,53.0,-0.030691098679452623,24.658967442805583,106.0,-33.49,-33.49,3.383,4.199,3.8146401035125774,0.2390475194132233,0.8159999999999998,3.413,3.413,3.375,4.194,3.8088621227689616,0.24023747871628884,0.819,3.407,3.406,3.38,4.195,3.8113979525821056,0.2394372798211283,0.8150000000000004,3.411,3.41,26.0,32.0,27.405107127906533,1.4474419766640285,6.0,27.0,27.0,26.0,32.0,27.23903033070746,1.341230142374514,6.0,27.0,27.0,26.0,32.0,27.345206834874606,1.4173266693238655,6.0,27.0,27.0,10.0,100.1,59.671427484111575,28.64622751945199,90.1,10.0,10.0,0.005777980743616116,0.016000000000000014,0.002691228690450077,0.2544284779883652,0.0058549736864808915,0.2506358700179461,0.16607679719907142,1.0,0.3721495594934514,0.17043395738072642,0.001437945545436892,0.0014292094685127302,9.173113858553776e-05,0.9759331651475974,1971,3100.0,4413.0,5878.0,18468,90.1,-0.00044002035556341167,98.0,26277,23182,3095,0.005537416538836003,0.0002742905371460378,0.005625910149864206,0.00023317063639547548,0.005403508753800633,0.0003861284549321304,0.0001824312116716553,0.00026963070133434377,0.00581865265772871,4.006026781799514e-05,0.005765700065398722,8.083705286567207e-05,0.005648084757393157,0.00018197561789644882,2.967404002059658e-05,3.964452311797529e-05,0.24562420714893543,0.02205632307089633,0.24697458891862487,0.015962957095765416,0.23851697625147694,0.018128990687073982,-0.00749009099636283,0.016951451757326055,0.24940116334164486,0.0011431588805109402,0.2481077359338843,0.002241390773095878,0.24487221572866483,0.005081063394566049,0.0014477868472578537,0.0011281665908229876,0.17273543460621021,0.025190808522918252,0.20184198250599344,0.043764603924118115,0.225225201848201,0.052905901912204956,0.014533947260533281,-0.017254929740974798,0.1910733864317478,0.03298944766174741,0.2316106843122055,0.06043215121176897,0.2578578156169004,0.0602070122781372,-0.0032316457925080366,-0.029343320680278062,0.001417137887772618,2.070929331799115e-05,0.0013915414372994055,3.970484624671764e-05,0.001338902717139916,8.425793243984036e-05,2.1005808340338614e-05,2.070858232624184e-05,0.9765275376777408,0.0006549333522199331,0.9774266423072124,0.0013596060273482816,0.9804724635228244,0.00550265352135445,-0.00048661599998733873,-0.0006482507952214056,-0.0004189601054871047,4.9202683157340154e-05,-0.0001847639580012919,0.00040764178257076246,4.447758855016341e-06,0.000437258279967589,-7.728778674711477e-05,7.053518259096962e-06,0.016000000000000014,0.0,0.016000000000000014,0.0,0.015625000000000056,0.0005175491695067085,0.0,0.0,1.0,0.0,1.0,0.0,1.0,0.0,0.0,0.0,5902.333333333333,25.026652459594256,5933.0,48.383881613612,5984.0,83.53955436113563,-23.0,-25.0,22180.0,3217.27353515364,23118.2,2613.4843982698653,23103.125,2489.8986461013114,-5439.0,-2848.5,3.7838989339305606,0.024582775443757317,3.7879802521921944,0.019053740248138707,3.803928572707411,0.028345103291196508,0.04734490628084753,0.017576074836893163,0.8163333333333337,0.0015275252316518737,0.8136000000000003,0.006024948132557001,0.8095000000000003,0.008847921466972627,-0.0030000000000001137,-0.0004999999999999449,23.215954168027114,1.2498548448125981,22.881080832481736,0.9985806231507833,22.972633835587704,1.0052574176272857,2.1439858012455097,1.092527011544945,90.1,0.0,90.1,0.0,90.1,0.0,0.0,0.0,3.369527340865689e-05
9,-53.0,53.0,-0.02465986287086454,22.423539535175603,106.0,-30.57,-30.57,3.381,4.199,3.8751831021517273,0.25551966639039214,0.8180000000000001,3.416,3.416,3.373,4.194,3.8697255521501464,0.25685966288019124,0.8209999999999997,3.409,3.409,3.378,4.195,3.8719969035356567,0.25589576054207364,0.8170000000000002,3.413,3.413,25.0,32.0,27.001295459572184,1.5897327975677935,7.0,27.0,27.0,25.0,32.0,26.864166324370437,1.4847008663045227,7.0,27.0,27.0,25.0,32.0,26.965938892224084,1.55247030676675,7.0,27.0,27.0,10.0,100.1,66.17196435906348,29.776144417809945,90.1,10.0,10.0,0.005457550001579771,0.016999999999999904,0.002599720345714963,0.2565410196431377,0.005875102534214047,0.25099737769729813,0.13712913520174413,1.0,0.34398362676233,0.16660190821568882,0.0014602849851117114,0.001454313771937876,8.995526457177633e-05,0.9754709185149247,1966,3090.0,4397.0,5855.0,23860,90.1,-0.0005953352516195732,98.0,31649,23163,8486,0.005610360092380116,0.0001607279678083595,0.005552829095077609,0.0002123018710781771,0.005409513336887203,0.0003616390201667013,-0.0003204307420363447,-6.899976518234471e-05,0.005851791955718412,2.5053432202720023e-05,0.0058096291910538275,6.384555982024464e-05,0.005673308954817701,0.0001862849324062632,2.0128847733155708e-05,2.4901443876876143e-05,0.2576293555387436,0.003861828847799747,0.24767498902755047,0.016367272824162553,0.24051964773943924,0.017990942254751077,0.002112541654772482,-0.0026887746707951743,0.2502737769619775,0.0009574550678185093,0.24938784366662353,0.0014076206724679373,0.24555278928073518,0.005172879063456661,0.00036150767935200223,0.000904647263304928,0.15158292744645122,0.014473872613536352,0.1792925192078199,0.04183124767307411,0.21543674999859466,0.05754545383007613,-0.02894766199732729,-0.007206857368397004,0.17023382292321657,0.0035360977028544086,0.2049846717849772,0.05159720964979896,0.24771827035009913,0.06400833688266633,-0.0038320491650375987,-0.0035318474787728177,0.0014383900892150523,2.1676043129500423e-05,0.001416238065106368,3.530415929936337e-05,0.0013523896358034488,8.859484780159549e-05,2.2339439674819465e-05,2.167262400757904e-05,0.9759412882700357,0.00047448346942211825,0.9766684707030638,0.0011154742497025173,0.9799167362997243,0.0054105259469403475,-0.0004622466326726915,-0.0004744313163300151,-0.0004660293919997606,0.00011846246027362758,-0.0004076334037554262,0.00014966760051850548,-6.21947978643825e-05,0.0004552653361173814,-0.0001553148960561615,-0.00011630134140163813,0.01633333333333331,0.0005773502691895622,0.016199999999999992,0.0004472135954999087,0.015777777777777818,0.000666666666666593,0.0009999999999998899,0.0004999999999999449,1.0,0.0,1.0,0.0,1.0,0.0,0.0,0.0,5878.0,22.99999999999948,5903.6,39.89110176467964,5969.666666666667,89.19360963656531,-23.0,-23.0,22078.333333333332,3126.7286951914034,23004.0,2553.5670149812013,23187.222222222223,2342.711451383726,5392.0,-23.5,3.815815967473007,0.05410737676456146,3.8020188903739984,0.042820768630310986,3.811491720577216,0.03489735121495415,0.06059895095355117,0.05397192861719935,0.816666666666667,0.0015275252316518312,0.8164000000000003,0.0011401754251001341,0.8103333333333337,0.008645808232895312,0.0019999999999997797,-0.000500000000000167,23.199162873180423,1.2650543272242856,22.86843473753608,1.005201029530972,22.91162335776414,0.9579797345827227,-2.2354279076299797,-0.04572105319223496,90.1,0.0,90.1,0.0,90.1,0.0,0.0,0.0,3.16788425841795e-05
10,-53.0,53.0,-0.022786719367588158,22.389570928145275,106.0,-47.56,-46.57,3.378,4.199,3.8370258023715422,0.22381879987198317,0.8209999999999997,3.387,3.388,3.37,4.194,3.8316490118577073,0.22514406230570172,0.8239999999999998,3.379,3.38,3.375,4.195,3.8341054545454543,0.2243337377814733,0.8200000000000003,3.384,3.385,25.0,32.0,26.985739130434784,1.5895764056308757,7.0,27.0,27.0,25.0,32.0,26.835509881422926,1.4901661567770028,7.0,27.0,27.0,25.0,32.0,26.94308300395257,1.5559910930490228,7.0,27.0,27.0,10.0,100.1,62.81811541501976,27.08237271713543,90.1,10.0,10.0,0.005376790513833969,0.017000000000000348,0.002700924533481529,0.23021346975643855,0.005911812996889044,0.25158687678633873,0.15022924901185772,1.0,0.35729598619798536,0.17309021776702385,0.0014822833555183704,0.0014763417563085262,8.823043667148201e-05,0.9748957202769057,1959,3079.0,4381.0,5833.0,23855,90.1,-0.00018461512623220002,98.0,31625,23144,8481,0.005537440419676618,0.00021219156273502189,0.005489318026384349,0.00020681069043733473,0.00540624105458188,0.00034111352820021185,-8.075948774580264e-05,-0.00020059511489107368,0.005880629739194661,2.8819946184738483e-05,0.0058485747008578445,5.1474372599069364e-05,0.005697159359024835,0.00019114054416370638,3.671046267499697e-05,2.8419655204076338e-05,0.24706098912931382,0.014628564175111061,0.2447254221692765,0.01820433550442912,0.2394890299411392,0.017272288659603025,-0.026327549886699136,-0.012107504115963327,0.251073374833861,0.000480036604809689,0.2501575489017143,0.001330251142292296,0.24615619803129554,0.005237032803494939,0.0005894990890406016,0.0004755033841963019,0.15114506047089107,0.014495544720681246,0.1611129376064465,0.024331453063971706,0.20891599989992096,0.05804083851384985,0.013100113810113584,-0.007923774093606853,0.17004202778781305,0.003261862476077673,0.18258245705559123,0.026164744920421243,0.24025546509179158,0.06479793303715382,0.006488309551335031,0.001328130193148716,0.001460171295355658,2.2169123679700078e-05,0.001438796400789587,3.3977557687140415e-05,0.001365379007774941,9.308151567019315e-05,2.1998370406658974e-05,2.216890504073922e-05,0.9754332679798093,0.0005197462236792253,0.9759898503650106,0.0008932537776643536,0.9794146346974426,0.00534249078293158,-0.0005751982380189924,-0.000518722435345842,-0.00040665691113839496,0.00020738272569691208,-0.00040736613886261747,0.00015016280267142243,-7.443683070116423e-05,0.0004309705162999351,0.00041072012538737317,0.00012770261466560584,0.016666666666666757,0.0005773502691896901,0.01640000000000006,0.0005477225575052271,0.01590000000000007,0.0007378647873726139,4.440892098500626e-16,0.000500000000000167,1.0,0.0,1.0,0.0,1.0,0.0,0.0,0.0,5855.333333333333,22.501851775649584,5879.0,37.34300469967612,5956.0,94.54804774998443,-22.0,-22.5,22061.0,3111.630280094343,22851.0,2453.4933258519377,23254.0,2218.801227890612,-5.0,2693.5,3.839166770221072,0.030614880392448342,3.8115598319745585,0.043774839390991235,3.8137530939740394,0.03366970917299492,-0.03789144899020247,0.011353750981674349,0.8173333333333336,0.002516611478423463,0.8172000000000004,0.0019235384061676922,0.8113000000000004,0.00870568141439193,0.0030000000000001137,0.0024999999999999467,23.157359302042153,1.3005417036262805,22.892194593480447,0.9888128191377575,22.859418114802253,0.9181555327160192,-0.033968607030328,-1.1346982573301538,90.1,0.0,90.1,0.0,90.1,0.0,0.0,0.0,3.0124270227489983e-05
11,-53.0,53.0,-0.022626649368731037,22.36286248420679,106.0,-51.01,-51.01,3.376,4.199,3.802552479195013,0.21884865815054783,0.823,3.38,3.38,3.367,4.194,3.7962548808657406,0.22003675249810836,0.827,3.372,3.372,3.373,4.195,3.7991171091352083,0.2191769027170816,0.8220000000000001,3.377,3.377,25.0,32.0,27.014429009904124,1.5815582405032633,7.0,27.0,27.0,25.0,32.0,26.86498117267348,1.4875031822819471,7.0,27.0,27.0,25.0,32.0,26.974148023921778,1.5485873980269003,7.0,27.0,27.0,10.0,100.1,59.68364712210865,26.16563087075169,90.1,10.0,10.0,0.006297598329272567,0.017000000000000348,0.0026428260557407263,0.2634430462009879,0.005979055779133674,0.25334504565533666,0.14944783723064267,1.0,0.3565293552818982,0.16629884460599767,0.0015044056464898921,0.001499250374812628,9.427393255070142e-05,0.9745400404835487,1956,3071.0,4369.0,5815.0,23847,90.1,-0.00034142281367232437,97.0,31603,23109,8494,0.005710646281562102,0.0005099167122666926,0.0057010938240493764,0.0003665225270115515,0.005510255086556516,0.00043607060593727723,0.0009208078154385986,0.000420024163846398,0.005921990436745589,5.2718635166840794e-05,0.00588924892863559,5.924278640299233e-05,0.005761438616480175,0.00016217743938044815,6.724278224462966e-05,5.197662245981331e-05,0.25006584520018804,0.017535595248551118,0.2533089165147315,0.013434342835090773,0.24223529064379065,0.018770700594294247,0.03322957644454935,0.003451013278925108,0.25197643337965786,0.0012213525145713428,0.25115065066552156,0.0015121032942137843,0.24791728534564386,0.004201656316397924,0.0017581688689979336,0.0011738339790192676,0.14560207381474818,0.007348174443205452,0.15088517371637084,0.0102827857492572,0.19211992483274065,0.04626420473957486,-0.0007814117812150467,0.006159351014449269,0.16866365686290344,0.00383650791297262,0.17001810622853425,0.003479164818137715,0.22401300054827883,0.06036349417741218,-0.006791373161026182,-0.0001515318048455755,0.0014823246623733247,2.2060359693447484e-05,0.0014603718539306838,3.4671257622554854e-05,0.0013967364377349455,7.958653798092121e-05,2.2122290971521687e-05,2.206033068909033e-05,0.974968893091793,0.000469733086928655,0.9754519251141123,0.0007598676564095471,0.9775930400063672,0.002778244343184987,-0.00035567979335704436,-0.0004654390156880184,-0.00037379106384136584,0.0002072644037547428,-0.0003848252231807612,0.00014984734912587365,-0.00010910148733924095,0.00043773908967101164,-0.00015680768744012435,0.0001269562189736244,0.0170000000000002,0.0,0.016600000000000125,0.0005477225575052676,0.016100000000000093,0.0007378647873726609,0.0,2.220446049250313e-16,1.0,0.0,1.0,0.0,1.0,0.0,0.0,0.0,5834.333333333333,20.033305601754666,5856.4,34.34821683872437,5925.6,84.6721782982921,-18.0,-20.0,23854.0,6.557438524302,22787.4,2414.7315171670743,23658.2,1859.8082816366973,-8.0,-6.5,3.835073155738773,0.03644953281130739,3.8161340932199366,0.04021214874851001,3.812562287249771,0.03398600063652361,-0.03498834541024598,-0.036439897200224225,0.8196666666666669,0.002516611478423463,0.8184000000000002,0.002701851217221565,0.8129000000000003,0.009085397319019367,0.0019999999999997797,0.0024999999999999467,22.391990982509224,0.030410830733519117,22.869984406378666,1.0017197767703347,22.642404811501585,0.7119491769184135,-0.02670844393848526,-0.03033852548440663,90.1,0.0,90.1,0.0,90.1,0.0,0.0,0.0,2.6071030704450635e-05
12,-53.0,53.0,-0.02167020232403427,22.362643032249075,106.0,-53.0,-53.0,3.376,4.199,3.782746287559763,0.22677470857979787,0.823,3.377,3.376,3.366,4.194,3.777084570813412,0.22766422811550419,0.8279999999999998,3.369,3.368,3.372,4.195,3.779654466010196,0.2269330994181976,0.8230000000000004,3.374,3.373,25.0,32.0,27.044960896684927,1.5734570860226433,7.0,27.0,27.0,25.0,32.0,26.90004116138429,1.483483351958849,7.0,27.0,27.0,25.0,32.0,26.987303296077002,1.5476260517000042,7.0,27.0,27.0,10.0,100.1,56.503099768862995,26.865953842626347,90.1,10.0,10.0,0.005661716746350914,0.017000000000000348,0.0026570648697154605,0.2418716779709036,0.006039377249663907,0.2553516755874188,0.14491973530063643,1.0,0.3520198937858909,0.15815950388134783,0.0015205106257483716,0.0015137180700094623,9.576167110778784e-05,0.9741122789501139,1951,3063.0,4355.0,5796.0,23826,90.1,-3.305212149144082e-05,97.0,31583,23059,8524,0.005778701863152483,0.0004714190242321682,0.005714327266930668,0.00036293607833453787,0.00560570602677813,0.0003330606047869842,-0.0006358815829216533,0.0001424631162584727,0.005976748675228874,6.381341311058519e-05,0.005932064449276313,7.635769281566847e-05,0.00581673589523404,0.00015192904190753582,6.0321470530233165e-05,6.378212638743141e-05,0.24517606464277666,0.01685943107370402,0.24929953831196663,0.013212068456843673,0.24535575836593781,0.015192303996423573,-0.02157136823008432,0.005829104107232516,0.2534278660096981,0.0018837653546757028,0.25238336914886766,0.001958621352903477,0.24931898439373573,0.004098470884970232,0.0020066299320821157,0.0018823994005400246,0.14819894051437896,0.0028666254060050163,0.1495605507887905,0.010598626314738461,0.1814485096039509,0.04321849509023741,-0.004528101930006245,-0.002654756855610646,0.16584952208478979,0.007475491444047987,0.16691688637015695,0.005649175690846288,0.20947993727935743,0.056471951205818,-0.008139340724649835,-0.0074653569428380084,0.0015023998759188782,1.9192404330805218e-05,0.0014810860316610474,3.314106866238299e-05,0.001422871476751475,7.193252148599093e-05,1.6104979258479502e-05,1.9113635115000594e-05,0.9745160132368561,0.00039227294014649287,0.9749904246746182,0.0007250152905197771,0.9766882530178755,0.0021706214304526633,-0.0004277615334348228,-0.0003917206633959336,-0.00018636335379865505,0.0001541927792529447,-0.00031888913371579,0.00021870945474864576,-0.00017558990183947753,0.0003554548793919015,0.00030837069218088355,7.57815023703796e-05,0.017000000000000348,0.0,0.016800000000000193,0.0004472135955000573,0.016300000000000113,0.0006749485577106328,0.0,0.0,1.0,0.0,1.0,0.0,1.0,0.0,0.0,0.0,5814.666666666667,18.502252115169505,5835.4,32.30015479839096,5898.5,77.44711457217453,-19.0,-18.5,23842.666666666668,14.977761292441153,22771.2,2405.596952941203,23564.8,1821.3834668551633,-21.0,-14.5,3.8042923432302858,0.027591934040056675,3.819254377161724,0.03548842952892654,3.8054750573149363,0.03254871387212351,-0.019462643125012224,-0.027225494267629102,0.8216666666666669,0.001527525231651831,0.8194000000000002,0.0033615472627946262,0.8160000000000004,0.005887840577551888,0.001000000000000334,0.0015000000000000568,22.371692148200378,0.015483866410565334,22.839516684516465,1.0174105539540972,22.63473800680106,0.7147864066933641,-0.00021945195771522208,-0.013463947948100241,90.1,0.0,90.1,0.0,90.1,0.0,0.0,0.0,2.3650603240512876e-05
13,-53.0,53.0,-0.019653696249441303,22.39132473039724,106.0,-27.82,8.4,3.376,4.199,3.7732461184588844,0.2357602272070362,0.823,3.417,3.478,3.368,4.194,3.767408025046323,0.23666443672422868,0.8260000000000001,3.411,3.471,3.373,4.195,3.7699594914062997,0.23602177243485395,0.8220000000000001,3.414,3.474,25.0,32.0,27.066098012906522,1.5709351678194114,7.0,27.0,27.0,25.0,32.0,26.905660980129067,1.4872406542760412,7.0,27.0,27.0,25.0,32.0,27.01520669605776,1.5431596867528432,7.0,27.0,27.0,10.0,100.1,53.91386492875854,28.873917786098023,90.1,10.0,10.0,0.00583809341256159,0.017000000000000348,0.002581255432074027,0.25803248269221407,0.006070749967164312,0.2558654654435466,0.1604370327774583,1.0,0.36701088715598484,0.18081520073551946,0.0015382162418055814,0.0015269151138716398,9.5554422874154e-05,0.9734853907875013,1957,3065.0,4353.0,5788.0,23490,90.1,4.5186022573501564e-05,97.0,31302,22841,8461,0.005932469496061691,0.0003282780539837398,0.005726349800719762,0.0003665494424167275,0.005676129975291984,0.00029441627112197343,0.00017637666621067583,-0.00022975245835548871,0.0060297276653206305,4.660248800383167e-05,0.005975219705412997,8.261476186326687e-05,0.0058704598854058595,0.0001346540880487623,3.137271750040457e-05,4.584709401531887e-05,0.2544490689547019,0.011223262553291579,0.25002033925273637,0.013652797671142176,0.2484974640856806,0.01409511744346613,0.016160804721310484,-0.002705281754386918,0.25485406222876733,0.0013318570750015988,0.2534292882339878,0.0021763672797778274,0.250768512083936,0.003493468918228747,0.000513789856127822,0.0012602098941049689,0.15160153510291244,0.00797968928842664,0.14843259790446783,0.00849225522838759,0.17513729020523064,0.04093523574675298,0.015517297476821873,0.005494597773407814,0.16842451640762165,0.011476454611211662,0.16899313504111552,0.00846894407424804,0.2003019096766605,0.05238475748096203,0.022655696854171625,0.007258178064760895,0.0015210441713479482,1.6911611161581312e-05,0.0015011401709347856,3.076214629129755e-05,0.0014463408041170953,6.676729395269364e-05,1.7705616057209824e-05,1.6905297657844663e-05,0.9740459034070547,0.0005304486590451565,0.974500869802599,0.0007550887736449676,0.9759637560549056,0.001858168521678969,-0.0006268881626125822,-0.0005273248480237025,-0.0001097629708634212,0.0002044015994907229,-0.00022184785808840733,0.00025599228651935286,-0.00020330590804484963,0.00032149883941965713,7.823814406494238e-05,0.00019330441812291297,0.017000000000000348,0.0,0.017000000000000258,0.0,0.016500000000000136,0.0005270462766948604,0.0,0.0,1.0,0.0,1.0,0.0,1.0,0.0,0.0,0.0,5799.666666666667,13.868429375141988,5817.4,27.318491905667315,5875.2,71.30342051947959,-8.0,-13.5,23721.0,200.32723229755865,23775.6,160.18208389205373,23446.9,1779.6464349227722,-336.0,-178.5,3.7829103555172345,0.014848982465738927,3.810966684926563,0.042019482574335805,3.7994734685593783,0.03305831204547375,-0.009694974603896345,-0.014578808864454285,0.8223333333333335,0.0005773502691894773,0.8208000000000002,0.002387467277263153,0.8172000000000003,0.005750362307426097,-0.001000000000000334,0.0,22.372276748951034,0.01649640074873969,22.385988142034797,0.025155580192934925,22.633534487258267,0.7152292706944605,0.02868169814816568,0.014231123095225229,90.1,0.0,90.1,0.0,90.1,0.0,0.0,0.0,2.1985568639687916e-05
14,-53.0,53.0,-0.02576787884760628,22.70270143828775,106.0,-23.21,-23.21,3.373,4.199,3.8680505239643903,0.2614049280168914,0.8259999999999996,3.424,3.424,3.365,4.194,3.862301041358694,0.2626993761516106,0.8289999999999997,3.417,3.418,3.37,4.195,3.864739857429125,0.2617531422877027,0.8250000000000002,3.42,3.421,25.0,33.0,27.16040865937387,1.6071982198665362,8.0,27.0,27.0,25.0,32.0,27.047468874215696,1.4953077236110088,7.0,27.0,27.0,25.0,32.0,27.118195854275484,1.5588784043602386,7.0,27.0,27.0,10.0,100.2,65.16589139647186,30.45071316025241,90.2,10.0,10.0,0.005749482605696365,0.017000000000000348,0.0026587722389666076,0.2624444952400032,0.006084757555990435,0.25625972770686345,0.11293978515817484,1.0,0.31651917807077684,0.12663622526636226,0.0015496959268312264,0.0015427769985974927,9.204411171355306e-05,0.9741397679471141,1944,3049.0,4332.0,5762.0,18276,90.2,-6.262424392374462e-05,97.0,30441,22995,7446,0.005749764254869623,8.818867042081664e-05,0.005784736321543081,0.00033491448181706873,0.005668782708310345,0.00029124475819672764,-8.861080686522506e-05,4.3882929672725383e-05,0.006064961590939551,2.3237298144604506e-05,0.006017150709768274,7.156263448883749e-05,0.005913389950411052,0.00012668982967110315,1.4007588826123185e-05,2.269015316326388e-05,0.2541162186343736,0.010831114703713153,0.25120103437210944,0.01458137263269645,0.24943801169982996,0.014731292014115166,0.0044120125477891126,0.010286408634549798,0.25582562291260963,0.0004553352977323139,0.25448175823590086,0.0019688214350510602,0.2519348009512622,0.003132278710822488,0.0003942622633168469,0.00045402605972233445,0.13943218441208985,0.024219455896400625,0.14359472789575398,0.018051455287052313,0.16144362355178693,0.03572839524471868,-0.047497247619283464,-0.015989975071230796,0.15520364329440986,0.02721016684217413,0.1609999984512502,0.020951316976181276,0.18299233511811372,0.043769024596820416,-0.0541789754691572,-0.01576163930749279,0.0015361409314617264,1.4702912452700747e-05,0.0015190223592786883,2.6809002685625424e-05,0.0014676302121925282,6.170895214777421e-05,1.1479685025644936e-05,1.459265054142738e-05,0.9739124792282432,0.0003701247268189536,0.9742346396890367,0.0005281202285588306,0.9754515551960503,0.0015239425704531137,0.0006543771596128067,1.3744498500112279e-05,-1.683011428056129e-05,5.5705731563404794e-05,-0.00011530565654924166,0.0001510226188907793,-0.00026146953015233394,0.00020935659841868766,-0.00010781026649724619,-1.4786061216151902e-05,0.017000000000000348,0.0,0.017000000000000348,0.0,0.01660000000000017,0.0005163977794944578,0.0,0.0,1.0,0.0,1.0,0.0,1.0,0.0,0.0,0.0,5782.0,17.77638883463037,5798.8,26.97591518373396,5851.2,63.88670527669334,-26.0,-17.0,21864.0,3111.837399351065,22658.8,2454.8370006988243,22831.4,2368.441222032377,-5214.0,-2775.0,3.8047846049485403,0.05214856046096118,3.8095152757052566,0.03942994172306651,3.805767083039627,0.03900689911069468,0.09478036602282547,0.04254269570946456,0.8233333333333336,0.001527525231651831,0.8224000000000002,0.0018165902124591014,0.8194000000000002,0.003470510689285564,0.0030000000000001137,0.0009999999999998899,22.485556400311356,0.18859913995160885,22.441820522657228,0.1464941501614727,22.65512763009665,0.7135636547209434,0.31137670789050986,0.17002920301933777,90.13333333333333,0.05773502691896955,90.11999999999999,0.04472135955000119,90.10999999999999,0.03162277660168574,0.10000000000000853,0.05000000000000426,2.0320523585051673e-05
15,-53.0,53.0,-0.01580120599105309,24.60550861993307,106.0,-47.01,-47.01,3.374,4.199,3.81398101536666,0.23968736191586387,0.8249999999999997,3.383,3.383,3.366,4.194,3.8079190429877454,0.24099969196670637,0.8279999999999998,3.376,3.375,3.371,4.196,3.810619568177397,0.2400939867156211,0.8249999999999997,3.38,3.38,25.0,33.0,27.453919470920056,1.5972606828270297,8.0,27.0,27.0,25.0,32.0,27.332308889321144,1.4556320667560472,7.0,27.0,27.0,25.0,32.0,27.40980354016728,1.5192870069373534,7.0,27.0,27.0,10.0,100.1,59.577327368216295,28.697524037344444,90.1,10.0,10.0,0.006061972378914639,0.017000000000000348,0.002844640110542214,0.2597822464164468,0.006104072198987453,0.2559665066855697,0.12161058159891072,1.0,0.3268355060914977,0.1292537970504072,0.001567344981513238,0.0015591778880226646,9.291500365031345e-05,0.9719820069587041,1938,3038.0,4318.0,5742.0,18043,90.1,2.275541064167881e-05,96.0,25705,22715,2990,0.005883182799057532,0.00016105047088549044,0.0059217726945592145,0.0002574956564466592,0.005705545360471782,0.0003169018949380319,0.0003124897732182741,0.00011193948317652453,0.006086526574047399,1.6731403171359084e-05,0.006055602550187956,4.886571905508443e-05,0.0059520886255229,0.00011893098097849714,1.931464299701792e-05,1.6661115911570552e-05,0.26008640811622136,0.002221677167180489,0.2571147897041111,0.008785820002043344,0.2509201059366938,0.014974403816169999,-0.002662248823556368,0.0008748818621163723,0.25603056661199325,0.00020478876604773698,0.255357684215747,0.001171851005182991,0.25275761655873064,0.0029846780904089327,-0.0002932210212937547,5.0520621011546085e-05,0.13166246651151461,0.025293821885473924,0.13787099441316458,0.019867689504470595,0.14949196600980555,0.024261191200718814,0.008670796440735887,-0.01941322558927379,0.14556840768409632,0.03055266331792622,0.1522327143079269,0.023628120302809835,0.16740758568175904,0.028429825878433845,0.002617571784044953,-0.025780701842556125,0.0015517523833833485,1.4672853485340098e-05,0.001536034684477662,2.456173792169239e-05,0.0014874155426336244,5.83754353978285e-05,1.764905468201153e-05,1.4564369853828233e-05,0.9732023885644399,0.001106368299650631,0.9736518970253965,0.0010068546962234263,0.9748208736952035,0.0015243103835290881,-0.002157760988410029,-0.0007516919143986112,1.7723964304785846e-06,5.6885662117903794e-05,-7.383154917446589e-05,0.00015563408482720698,-0.00024059884401854168,0.00022735108654058566,8.537965456542344e-05,-1.1215305965911376e-05,0.017000000000000348,0.0,0.017000000000000348,0.0,0.016700000000000204,0.00048304589153978013,0.0,0.0,1.0,0.0,1.0,0.0,1.0,0.0,0.0,0.0,5764.0,23.06512518934097,5780.6,28.771513689759438,5829.8,60.640653763699284,-20.0,-23.0,19936.333333333332,3079.7698507085447,21496.4,3050.5632758557886,22173.7,2705.747300757325,-233.0,-2723.5,3.8151063056709407,0.04754921193728793,3.804818098431645,0.03709820215290133,3.8081889652031022,0.0384182828216055,-0.05412028925172807,0.0203300383855487,0.824,0.0017320508075686957,0.8234000000000001,0.0015165750888109445,0.8203000000000003,0.00365300485141274,-4.440892098500626e-16,0.0014999999999998348,23.233178262872684,1.1986270563591894,22.885008061014787,0.9724431005867968,22.888601327247613,0.9245848687866048,1.9028071816453185,1.1070919447679142,90.13333333333333,0.05773502691896955,90.11999999999999,0.04472135955000119,90.10999999999999,0.03162277660168574,-0.10000000000000853,0.0,1.921694199652804e-05
16,-53.0,53.0,-0.018127603665962215,22.28615899657183,106.0,-41.27,-53.0,3.373,4.199,3.8376226687175543,0.22407155061221495,0.8259999999999996,3.395,3.374,3.365,4.194,3.8320495417547904,0.22545790398266724,0.8289999999999997,3.388,3.366,3.37,4.196,3.834604851631097,0.2245810117838484,0.8259999999999996,3.392,3.372,25.0,33.0,27.080369159776964,1.6685796316504824,8.0,27.0,27.0,25.0,32.0,26.933506376978787,1.5476476613670471,7.0,27.0,27.0,25.0,32.0,27.01691982311094,1.6036180725745959,7.0,27.0,27.0,10.0,100.1,62.879100173043646,27.064920721088672,90.1,10.0,10.0,0.005573126962763619,0.017000000000000348,0.002808065951270993,0.23508770161063805,0.0061162678587080395,0.2567281626631356,0.14686278279817983,1.0,0.35396907467595873,0.17100534665614867,0.001584606074503507,0.0015772870662460606,9.175427627652457e-05,0.9726085262834493,1933,3031.0,4307.0,5726.0,23468,90.1,6.953969850071475e-05,96.0,31206,22818,8388,0.005794860649124874,0.00024756178085887266,0.005776878421257426,0.00018745215307439561,0.005738986122653401,0.0002773418574274173,-0.0004888454161510198,-8.817782146637284e-05,0.006101699204561976,1.588861608969383e-05,0.006083044966102829,3.0028630246225232e-05,0.00598614694736921,0.0001113243338907708,1.2195659720586755e-05,1.5755151358802337e-05,0.252438147755696,0.015084773060077833,0.25144372078604116,0.012176855080983439,0.25237631865038634,0.012127685755520654,-0.024694544805808766,-0.013678396814682567,0.25631813235185624,0.0003841722061242874,0.25603430761730683,0.0005077745995044165,0.25359247914141425,0.002784928260035532,0.0007616559775658893,0.0002342174781360673,0.1271377165184218,0.017623971105707913,0.137353983526672,0.019521736682738718,0.14411957862152142,0.016347165277114512,0.025252201199269103,0.016961498820002495,0.14229845632430604,0.024895322550722163,0.15317401471795708,0.024409412874881894,0.16159606047324565,0.018681555508500456,0.041751549605741456,0.022184560694893204,0.001567215660949324,1.7455433122136573e-05,0.001552074770080385,2.4927284415039765e-05,0.0015062233120055341,5.609260649403308e-05,1.72610929902691e-05,1.7455073836140315e-05,0.9729101003964225,0.0011100420397400547,0.9732655941853764,0.0009498289055251751,0.9743587596497443,0.0014090344426428564,0.0006265193247452228,-0.0007656208318324031,9.890288406216312e-06,6.701462860371553e-05,8.360953260141936e-06,5.4909165860694644e-05,-0.00018823213496030965,0.00023294381809612784,4.6784287859035936e-05,6.608197121222968e-05,0.017000000000000348,0.0,0.017000000000000348,0.0,0.01680000000000024,0.0004216370213559029,0.0,0.0,1.0,0.0,1.0,0.0,1.0,0.0,0.0,0.0,5743.333333333333,18.036999011290675,5762.8,29.68501305372832,5809.6,57.875728937093825,-16.0,-18.0,19929.0,3067.077273235873,21420.6,2981.4804711753527,22104.0,2657.295450474242,5425.0,2596.0,3.8366547590792064,0.027118315168571338,3.811915646930823,0.03907678283081348,3.81402487007538,0.037447052511588384,0.02398528345369977,-0.015067502899014151,0.8253333333333331,0.0005773502691891408,0.8242,0.0016431676725159083,0.8213000000000001,0.0037133393177689817,0.0009999999999998899,0.0004999999999997229,23.198123018264216,1.2364981096937704,22.869667363487792,0.9832840191313529,22.869825884933228,0.935780134735965,-2.319349623361237,-0.20827122085795935,90.13333333333333,0.05773502691896955,90.12,0.04472135955000119,90.11,0.03162277660168574,0.0,-0.05000000000000426,1.8459099611604247e-05
17,-53.0,53.0,-0.01859286396941716,22.213180636648904,106.0,4.58,4.58,3.375,4.199,3.7977257406817464,0.2216207924764767,0.8239999999999998,3.471,3.472,3.367,4.194,3.7914697992991395,0.22274092388677097,0.827,3.464,3.466,3.372,4.196,3.79419375597324,0.22198691025989278,0.8239999999999998,3.467,3.469,25.0,33.0,27.108474036317297,1.6412922544804083,8.0,27.0,27.0,25.0,32.0,26.941000318572794,1.5288739783270253,7.0,27.0,27.0,25.0,32.0,27.03494743548901,1.5803091331950385,7.0,27.0,27.0,10.0,100.1,59.130340872889455,26.40353284652872,90.1,10.0,10.0,0.006255941382605973,0.017000000000000348,0.0025805393622643454,0.27369795689446463,0.006201227741738869,0.2591967030742763,0.16747371774450462,1.0,0.37339827478088145,0.18934215682006184,0.0016038419631863306,0.0015988372093023,9.414205813147542e-05,0.9724525309782388,1934,3028.0,4300.0,5714.0,23671,90.1,-0.00032086368623735964,96.0,31390,22969,8421,0.005963680241428077,0.0003518591922984552,0.005895723348508438,0.000267475122521321,0.005805025307719552,0.00031540511841968583,0.0006828144198423539,9.698450184566706e-05,0.006140522599811454,5.292465608131336e-05,0.0061154150645178216,5.105892962774898e-05,0.006023739756897068,0.00011440360642190199,8.495988303082978e-05,4.857777137570827e-05,0.2561893016405165,0.01955428066671667,0.2578089765707533,0.01409031417094429,0.25355425744135995,0.01363577473689144,0.03861025528382658,0.006957855239008909,0.25729712414099387,0.0016885881824378023,0.2568033131146783,0.001379243582430365,0.254593341131773,0.0028243741392694763,0.002468540411140696,0.0016150981943532927,0.14531569404719838,0.022970675370565435,0.14186478001544564,0.02383597164514545,0.14571266540211808,0.017857460052065937,0.020610934946324794,0.02293156807279695,0.16320043350887256,0.030795133493447632,0.15941054530569987,0.029462202818383684,0.1631637158379284,0.020386818219489067,0.01833681016391317,0.030044179884827313,0.0015852643397343583,1.825739309559849e-05,0.0015687410375679767,2.6363813969385168e-05,0.001524913534614512,5.4141814429790564e-05,1.9235888682823553e-05,1.8248490836546326e-05,0.9723476880734641,0.0003261527894770449,0.9729336445910015,0.0008663059247487353,0.97396203463281,0.001319949211475744,-0.00015599530521048788,0.00023526200976736744,-7.618952569832203e-05,0.00021318132194034093,-4.920135968904183e-05,0.0001598176985768863,-0.0001840452467024159,0.00022981413459774767,-0.0003904033847380744,-0.00017180954843951923,0.017000000000000348,0.0,0.017000000000000348,0.0,0.01690000000000027,0.0003162277660169298,0.0,0.0,1.0,0.0,1.0,0.0,1.0,0.0,0.0,0.0,5727.333333333333,14.047538337135567,5746.4,29.407482041140806,5790.9,55.211613110125164,-12.0,-14.0,21727.333333333332,3192.3402596423416,21389.6,2950.8663643072696,22080.4,2640.498319972533,203.0,2814.0,3.8131393919272445,0.02032304841466442,3.8148235049234316,0.036534173248547075,3.8170389410425782,0.03403556857419413,-0.040411095657856944,-0.008212906102078588,0.8249999999999997,0.0009999999999997253,0.8244,0.0015165750888108491,0.8219000000000001,0.003604010112206843,-0.0019999999999997797,-0.0004999999999999449,23.034949417717936,1.3606335347922467,22.83977488436776,1.004592354841541,22.839645784442116,0.9532004747446552,-0.0729783599229279,-1.1961639916420825,90.1,0.0,90.11999999999999,0.04472135955000119,90.11,0.03162277660168574,0.0,0.0,1.783151498510942e-05
18,-53.0,53.0,-0.01738387956216134,22.273481256066518,106.0,-26.6,-16.29,3.378,4.199,3.7815095496420894,0.22865834702149,0.8209999999999997,3.42,3.438,3.37,4.194,3.775742625108336,0.22947559347515412,0.8239999999999998,3.413,3.431,3.375,4.196,3.778340898147851,0.22881987224562933,0.8209999999999997,3.417,3.435,25.0,33.0,27.131897409559272,1.6505737157481646,8.0,27.0,27.0,25.0,32.0,26.95888036465188,1.5364093146772584,7.0,27.0,27.0,25.0,32.0,27.064905466568227,1.5818924602732602,7.0,27.0,27.0,10.0,100.1,56.08010464481752,27.1381264058528,90.1,10.0,10.0,0.005766924533752799,0.017999999999999794,0.0027118346948947054,0.24653971428771873,0.006261923618444217,0.26118645503762755,0.17301704490739256,1.0,0.37826200850588454,0.1955737416402675,0.0016185614515660761,0.0016112789526686823,9.515463128377096e-05,0.9719825081151268,1926,3017.0,4285.0,5695.0,23526,90.1,-0.0005495126808953443,96.0,31153,22728,8425,0.005865330959707464,0.00035188315033266585,0.005881489572746679,0.0002731422193538661,0.005803919686733221,0.00031552980755120266,-0.0004890168488531736,9.689878549459015e-05,0.0061931397396303755,7.316393865601192e-05,0.006153649794773802,7.514713840558572e-05,0.006064434750093399,0.0001199455464998529,6.0695876705347575e-05,7.282787986808868e-05,0.2517751242642738,0.01983040825317331,0.25551042288985426,0.01495557910982787,0.2527653810712953,0.013806703158225745,-0.027158242606745903,0.00572600633854034,0.2590371069250131,0.0022334269458073376,0.25786751103349453,0.002251612769167107,0.2556483996337412,0.00313528117541515,0.0019897519633512717,0.002229146187245984,0.16245118181669232,0.013781536814847412,0.14438078244143251,0.026769842506432464,0.1464066901729502,0.018844434746097257,0.00554332716288794,0.013077131054606367,0.18530708170549268,0.012771565346858738,0.1623622534866495,0.03270374660792728,0.1656776942638825,0.022791211023322263,0.006231584820205666,0.012284197492059418,0.001602336496418638,1.7027675428750068e-05,0.0015848100795200757,2.756557044740706e-05,0.0015429751252274307,5.198965204819409e-05,1.4719488379745559e-05,1.6977688531284556e-05,0.9723478551256051,0.0003258718496028629,0.9726330680565265,0.0008874752512073485,0.9735669689295626,0.0012540066417041555,-0.00047002286311204067,-0.00031300908416126427,-0.00026694555621066307,0.0003130284901860569,-0.000168141100382811,0.000261168488589725,-0.00019499447923560916,0.0002454418148556484,-0.00022864899465798464,-0.0003095261896980295,0.017333333333333496,0.0005773502691893055,0.017200000000000236,0.00044721359549970994,0.017100000000000247,0.0003162277660166815,0.0009999999999994458,0.0004999999999997229,1.0,0.0,1.0,0.0,1.0,0.0,0.0,0.0,5711.666666666667,15.631165450256546,5727.8,25.694357357210087,5772.6,53.43365564469106,-19.0,-15.5,23555.0,104.56098698846579,21396.8,2957.3093683279067,22586.2,2338.8523206431337,-145.0,29.0,3.802379835250729,0.029011498338489775,3.8164997862717422,0.034070274992661194,3.8137332355991527,0.036181978696893526,-0.015852857825389144,-0.028131976741623044,0.8236666666666664,0.0025166114784234907,0.8241999999999997,0.0019235384061676844,0.8225,0.0027182510717168595,-0.0030000000000001137,-0.0024999999999999467,22.257606963095753,0.03899301395443807,22.816206189501614,1.0190224130992198,22.601097165768206,0.7163857470640758,0.06030061941761389,-0.006338870252657003,90.1,0.0,90.12,0.04472135955000119,90.10999999999999,0.03162277660168574,0.0,0.0,1.7141717237292898e-05
19,-53.0,53.0,-0.0162855486489096,22.313401707970474,106.0,-12.11,-12.11,3.38,4.199,3.7694846532899606,0.24066622072081809,0.819,3.445,3.445,3.371,4.194,3.7634699990337857,0.2415660125848678,0.823,3.439,3.439,3.377,4.196,3.7660687300718223,0.24098718136652542,0.819,3.442,3.442,25.0,33.0,27.118651164288703,1.6463261153103679,8.0,27.0,27.0,25.0,32.0,26.9814164707398,1.5220398414198717,7.0,27.0,27.0,25.0,32.0,27.0588424747979,1.5763548699801564,7.0,27.0,27.0,10.0,100.1,53.16240136558343,29.717168109237406,90.1,10.0,10.0,0.00601465425617573,0.017999999999999794,0.0026511344809932967,0.2672444032631626,0.006296325772648895,0.2612129719985545,0.13723469354890658,1.0,0.34409494683218506,0.14719016668877394,0.0016278702563718354,0.0016166281755196448,9.806693697011664e-05,0.9714629917362125,1935,3023.0,4287.0,5693.0,23404,90.1,-7.091611149659971e-05,95.0,31049,22617,8432,0.006012506724178167,0.0002445154975371359,0.005934523902842552,0.0002667726001173886,0.005859630112192817,0.0002961666422801755,0.00024772972242293086,-0.00012064356321512138,0.006253159044277326,4.815103520160453e-05,0.006195963438105495,8.550795530272991e-05,0.006106557073936885,0.00012003067378273136,3.440215420467789e-05,4.754901545501273e-05,0.26249402481511536,0.01418862597017322,0.2564704044944862,0.01564987618704383,0.2538357194332978,0.014527964848716598,0.02070468897544389,-0.0032267768156510057,0.2605320433701528,0.001156514620161843,0.2588581598918327,0.002448430940920043,0.2566699590638668,0.0031156685798895325,2.651696092692557e-05,0.0010081344621390986,0.15924181873360124,0.019259213072704718,0.14923976411957887,0.021277803180944504,0.14641724600766642,0.018838689119500002,-0.03578235135848598,-0.01511951209779902,0.17736868838303443,0.02632043960653148,0.1664730417711318,0.028051249493509137,0.16373652011119103,0.023518802484365487,-0.04838357495149356,-0.02107599506564395,0.0016167578903747472,1.2115252497590404e-05,0.0016004449454281974,2.4689940502095505e-05,0.001559733652353443,4.931458763914039e-05,9.308804805759335e-06,1.2014146592752447e-05,0.9719660102765261,0.000494975870006894,0.9720977128143463,0.00045176242219680744,0.9731661762516917,0.0012178369812969635,-0.000519516378914231,-0.0004947696210131358,-0.00031376415954310124,0.00023937725773248315,-0.000169799473897382,0.0002603560342023575,-0.00014255256522331184,0.00020270293649458934,0.0004785965693987446,0.00012497378737037995,0.017666666666666647,0.0005773502691893055,0.017400000000000127,0.0005477225575048624,0.017200000000000236,0.000421637021355553,0.0,0.0004999999999997229,1.0,0.0,1.0,0.0,1.0,0.0,0.0,0.0,5700.666666666667,11.59022576714099,5714.0,20.796634343085856,5756.4,50.13138294078233,-2.0,-10.5,23533.666666666668,133.66500414594526,22422.4,2450.1478118676846,22540.6,2315.5874800529073,-122.0,-133.5,3.779534461397638,0.014100450893935705,3.7967655608002815,0.026982046075492188,3.803140418252769,0.032553191572859255,-0.012272168076028489,-0.014062512950708816,0.8213333333333331,0.0025166114784234907,0.8229999999999997,0.00291547594742295,0.8227,0.002311805451253556,-0.0019999999999997797,-0.0024999999999999467,22.2666878668953,0.05045471619714281,22.73834624343816,1.044419082036623,22.59008338304769,0.7202550302594696,0.03992045190395643,0.05011053566078516,90.1,0.0,90.1,0.0,90.10999999999999,0.03162277660168574,0.0,0.0,1.6259684746545806e-05
20,-53.0,53.0,-0.0220677151078005,24.559742090760775,106.0,-33.49,-10.1,3.373,4.199,3.8166448307122307,0.24092426188187477,0.8259999999999996,3.406,3.447,3.364,4.194,3.8104622994757795,0.24218563154427777,0.8300000000000001,3.399,3.441,3.37,4.196,3.813227543258051,0.24130291996538897,0.8259999999999996,3.403,3.444,26.0,33.0,27.563123250955815,1.6246162487435174,7.0,27.0,27.0,26.0,32.0,27.41697213353829,1.4704243600539664,6.0,27.0,27.0,26.0,33.0,27.5118048165228,1.5669119995071001,7.0,27.0,27.0,10.0,100.1,59.852473296283165,28.747347636767685,90.1,10.0,10.0,0.006182531236451097,0.017000000000000348,0.0028717114222375105,0.2624617520102584,0.0062889385474860365,0.26165671906020205,0.14615111741752396,1.0,0.35325765143183113,0.1562458100558659,0.0016356332887453389,0.0016288146931722194,9.519767185841549e-05,0.9716322890989215,1919,3005.0,4265.0,5665.0,17810,90.1,-8.226340040496068e-06,95.0,25371,22375,2996,0.005988036675459875,0.00020907798672818807,0.005958635674349844,0.00028593186099925633,0.005940204184454529,0.0002572593518635304,0.00016787698027536692,0.0002078033513491489,0.006282395979526382,1.8110244341551926e-05,0.006232936707805212,7.51859352812241e-05,0.006144269628996583,0.00011094625430363649,-7.387225162858169e-06,1.350746452090986e-05,0.2587486231870466,0.010840273549859954,0.25700630561324844,0.015836401870156978,0.25706054765867975,0.012073655670281146,-0.004782651252904224,0.007961018861269833,0.2613520486987947,0.0002641851796458441,0.2599962023667592,0.0020599652951995935,0.2576769432912531,0.002910830232392277,0.0004437470616475703,0.00023513201128724792,0.15213428529127437,0.01862640304888912,0.15414787128330149,0.015302778055510382,0.14600943284823303,0.018791080069079372,0.008916423868617379,-0.013432963744934301,0.16633657279496913,0.02572178455637087,0.17187144437222357,0.020743075533461608,0.1620520793400752,0.023377226104027947,0.00905564336709197,-0.019663965792200797,0.0016273549988944167,8.547574151179792e-06,0.001614102606874618,2.029979040098848e-05,0.0015750686456761395,4.630567892779424e-05,7.763032373503441e-06,8.535918589631388e-06,0.9716925963167536,0.0002649566707686315,0.9720277692423899,0.0004987805173611845,0.972839833133893,0.0011374743549766536,0.00016929736270898665,-0.00017510950810262216,-0.00020955171081081333,0.0002960787019474992,-0.00017599582403381698,0.0002549399823643471,-0.00012491368660414145,0.00020627901803021436,6.268977145610364e-05,0.0002706431704274241,0.017666666666666647,0.0005773502691893055,0.017400000000000127,0.0005477225575048624,0.017200000000000236,0.000421637021355553,-0.0009999999999994458,-0.0004999999999997229,1.0,0.0,1.0,0.0,1.0,0.0,0.0,0.0,5684.333333333333,16.7729941672111,5698.6,23.244354153213674,5739.6,49.757634813382765,-28.0,-15.0,21580.0,3265.4855687937134,22375.8,2554.267448800145,21936.1,2692.66978005927,-5594.0,-2858.0,3.785879057159241,0.024466432029295722,3.797287155816412,0.02733965197707537,3.8010526271240286,0.03097798579368886,0.04715881318622861,0.01744332255510006,0.8219999999999997,0.0036055512754638083,0.8231999999999997,0.003114482300479733,0.8232999999999999,0.002311805451253556,0.006999999999999673,0.0024999999999999467,23.04887501826592,1.308601503010726,22.7291929376037,1.0239645322344355,22.80710049930924,0.9450039194698738,2.246340382790301,1.1431304173471286,90.1,0.0,90.1,0.0,90.11,0.03162277660168574,0.0,0.0,1.523631179103833e-05
21,-53.0,53.0,-0.016170397529910892,22.206031949388397,106.0,-53.0,-53.0,3.367,4.199,3.875527145246365,0.25823914698128775,0.8319999999999999,3.367,3.367,3.358,4.194,3.869834266049144,0.2598334324395291,0.8359999999999999,3.359,3.358,3.364,4.196,3.8723255499807023,0.2587942827651784,0.8319999999999999,3.364,3.364,25.0,33.0,27.106876366911102,1.7310835503679136,8.0,27.0,27.0,25.0,32.0,27.005146018268366,1.5800926972332665,7.0,27.0,27.0,25.0,33.0,27.068795831725204,1.677008749741946,8.0,27.0,27.0,10.0,100.1,66.07274218448477,30.13379200056389,90.1,10.0,10.0,0.005692879197221062,0.018000000000000238,0.0028662243411773157,0.2510525960851033,0.006263540931545521,0.26063367825688843,0.10173034864273768,1.0,0.3022933753951031,0.1201923076923077,0.0016535283862308793,0.0016465422612513855,9.084459251985002e-05,0.9711497450425494,1913,2996.0,4252.0,5648.0,23385,90.1,-5.492556781451751e-05,95.0,31092,22672,8420,0.0059633548966159635,0.00024882423133401914,0.005982586121241333,0.0002480773747409827,0.005879732271249378,0.00023393064470386612,-0.0004896520392300352,-0.00016088752947733412,0.006282935083893483,1.719716932735661e-05,0.006262391322372707,3.741265167339616e-05,0.006172718144237768,9.978782453395884e-05,-2.5397615940515525e-05,-1.6392420551686847e-05,0.2602529171195081,0.008318826155402734,0.2601992845081415,0.011260688049344015,0.25582150264709136,0.011981306366637533,-0.011409155925155123,-0.008095903589029674,0.26116778977188165,0.0005130148112059844,0.2607773054855097,0.0009551844933222264,0.25840580655140827,0.0026017285233985925,-0.001023040803313613,-0.0002896468708330213,0.12837205320305609,0.02349916956108665,0.14512138445221306,0.02838942103955162,0.14123768398944253,0.02333109754319249,-0.044420768774786276,-0.01775217245308445,0.14120942814564919,0.018756083901249106,0.1617088365794554,0.031123507142219044,0.15744142564870622,0.02675002906630126,-0.03605350236355821,-0.013498929498233121,0.0016390106437826843,1.3158259848938268e-05,0.0016278870692200923,1.8591769727865128e-05,0.0015899809196502385,4.5014633906728676e-05,1.789509748554045e-05,1.2829064929521946e-05,0.9714150086258945,0.0002448243773497747,0.9717360129942098,0.0005007911817818391,0.9725008035897931,0.0010781111868561652,-0.00048254405637215836,-0.00015662334683158585,-4.4689339783871095e-05,3.257433244943166e-05,-0.00020088887729686344,0.00022980947110739982,-9.626396201836075e-05,0.00019228837342649325,-4.669922777402144e-05,7.995271841041099e-06,0.017666666666666792,0.0005773502691894342,0.017600000000000105,0.0005477225575049433,0.017300000000000225,0.00048304589153945466,0.0009999999999998899,2.220446049250313e-16,1.0,0.0,1.0,0.0,1.0,0.0,0.0,0.0,5668.666666666667,22.72296928953828,5683.0,26.239283526804325,5722.9,49.6643176178243,-17.0,-22.5,21533.0,3224.2265739243576,22359.2,2545.6499562979984,21889.9,2660.005490804691,5575.0,-9.5,3.8172072744368584,0.05324008489360849,3.8048312954863333,0.041663551942771555,3.808373471208578,0.038263496030160916,0.05909800672265142,0.053128409954440015,0.8256666666666664,0.006506407098647654,0.8243999999999998,0.0050299105359838826,0.8242999999999998,0.003529242915351229,0.006000000000000227,0.00649999999999995,23.02639191603988,1.3290049416770204,22.713167528167013,1.0332167888495694,22.791417445827403,0.9544497004555645,-2.353710141372378,-0.05368487929103871,90.1,0.0,90.1,0.0,90.11,0.03162277660168574,0.0,0.0,1.4805067390698519e-05
22,-53.0,53.0,-0.01585478119935108,22.22281573065584,106.0,-21.46,-21.46,3.385,4.199,3.8336948136142626,0.22308554861091595,0.8140000000000001,3.427,3.427,3.377,4.194,3.8278794165316046,0.22436992618007381,0.8170000000000002,3.42,3.42,3.383,4.196,3.830529756888169,0.22354976684293917,0.8129999999999997,3.423,3.423,25.0,33.0,27.155202593192868,1.720567638267642,8.0,27.0,27.0,25.0,32.0,26.985348460291736,1.5870359874353737,7.0,27.0,27.0,25.0,33.0,27.100777957860615,1.6744014274732677,8.0,27.0,27.0,10.0,100.1,62.49319935170179,26.964286022217863,90.1,10.0,10.0,0.005815397082658049,0.018000000000000238,0.002747526876066507,0.2449533880865196,0.006325903185620219,0.2615374451964643,0.16985413290113452,1.0,0.3755046024185832,0.2042178323545115,0.0016722800455088382,0.0016632016632016648,9.210527573530452e-05,0.970900804423391,1912,2992.0,4245.0,5637.0,23207,90.1,-8.369849825285327e-05,95.0,30850,22476,8374,0.005896935838776735,0.00025480621350856207,0.005894477261251748,0.00020036389089408163,0.005895100304880092,0.00022279996050310837,0.0001225178854369867,-0.00018356707689652424,0.006292794221550592,3.135940608794302e-05,0.006287326411148977,2.6376153703467986e-05,0.0062013707378334,9.83726705876986e-05,6.236225407469775e-05,1.848231906709111e-05,0.25282257872729375,0.008887369168475111,0.2544503707465525,0.009901837401376144,0.25612967365865297,0.011616721339626138,-0.006099207998583683,-0.008754181961869403,0.26127594750451827,0.0005594094238401884,0.26124545390994736,0.00039787037034336056,0.25902438351231283,0.0025292509184777112,0.0009037669395758896,-5.9636931868861653e-05,0.1392451996537987,0.034582962142371096,0.14559746748353905,0.028873801597677187,0.14373112374949235,0.02503826458580036,0.06812378425839684,0.011851507741805281,0.16021865003422836,0.042153407831513647,0.1646839716863453,0.03490647496199532,0.16204725849602258,0.030578598400435756,0.0840255246622038,0.023986011149322792,0.0016538139068283523,1.8325046707431307e-05,0.0016415746856845936,2.143846195309767e-05,0.001605157861626285,4.457264245232627e-05,1.8751659277958842e-05,1.8323378381749646e-05,0.9712276128549538,0.00037190725294541395,0.9714256676832402,0.0004200510403899269,0.9721796561371209,0.0010215838037635702,-0.0002489406191583665,-0.00036574233776526244,-4.895013536928896e-05,3.8089250596307534e-05,-0.00015345583969996216,0.00022323739433867049,-0.00010132859969450201,0.00019110178077663058,-2.8772930438335754e-05,-3.77360791061786e-05,0.01766666666666694,0.0005773502691895622,0.017800000000000083,0.0004472135954998088,0.017400000000000214,0.0005163977794941537,0.0,0.0004999999999999449,1.0,0.0,1.0,0.0,1.0,0.0,0.0,0.0,5650.0,14.106735979664894,5667.6,26.092144411681236,5707.0,49.109854182001264,-11.0,-14.0,21467.333333333332,3168.5937469693613,22266.4,2493.80338038106,21828.0,2616.7965148249477,-178.0,2698.5,3.83869428337564,0.030383189747308886,3.812098495669319,0.04250470244862089,3.8134610002963756,0.037393027230859646,-0.04179579309253345,0.008651106815058984,0.8236666666666664,0.009712534856222376,0.8221999999999998,0.007190271204899182,0.8232999999999999,0.005034326612809893,-0.019000000000000128,-0.00649999999999995,22.99619659026834,1.3540961276478944,22.715094546968402,1.0320594892819475,22.77743471566808,0.9624201739842562,0.016783781267442066,-1.168463180052468,90.1,0.0,90.1,0.0,90.10999999999999,0.03162277660168574,0.0,0.0,1.4662757692558289e-05
23,-53.0,53.0,-0.01479980563654018,22.20236746184252,106.0,-25.35,-25.35,3.368,4.199,3.800204114026563,0.22316390501752992,0.831,3.417,3.418,3.359,4.194,3.7938396825396827,0.2243307333524094,0.835,3.41,3.411,3.365,4.196,3.79664713313897,0.22355756995010959,0.8309999999999995,3.414,3.414,25.0,33.0,27.17917071590541,1.7313961550209196,8.0,27.0,27.0,25.0,32.0,27.00110139293813,1.5958112743505577,7.0,27.0,27.0,25.0,33.0,27.133236151603498,1.6849627413860646,8.0,27.0,27.0,10.0,100.1,59.38936831875608,26.199436494879915,90.1,10.0,10.0,0.006364431486880504,0.018000000000000238,0.002651830361963128,0.27347300904636856,0.006398791675990155,0.2642495122169945,0.17806932296728215,1.0,0.38257109036786346,0.21714029984336541,0.0016828167172267309,0.0016797556719022678,9.491841701771317e-05,0.9704533707644867,1908,2985.0,4235.0,5622.0,23159,90.1,7.686614614772712e-05,94.0,30870,22345,8525,0.005957569255586538,0.00035763852491463635,0.006013978651877289,0.00027100143873399194,0.005947734112311984,0.00026584815995852413,0.0005490344042224553,0.000335776144829721,0.006329411931051965,6.769360707693167e-05,0.006314700022658165,5.199864491116381e-05,0.006234174908715984,0.00010448112306194723,7.288849036993662e-05,6.762537222231718e-05,0.2564929977393305,0.015018011604165644,0.2598370296982825,0.01168746491607397,0.2576737262940684,0.012857611437441248,0.028519620959848974,0.011210206480632645,0.26214021189011577,0.0018817703292367698,0.26185806534582073,0.0013944196745221645,0.25986278818965763,0.002746067379260717,0.0027120670205301733,0.0018079169800530315,0.1498846015037181,0.041904610586487805,0.14660792309551698,0.03013415315113241,0.14549435276847475,0.0268972675286151,0.008215190066147626,0.03816948716227223,0.1805168132967282,0.05264059292801939,0.1689972833269649,0.04055340049383914,0.16567976840680718,0.034907039066786834,0.012922467488853923,0.04847399607552886,0.0016695417163221495,1.4834939102730696e-05,0.0016544257388167245,2.3366530507128684e-05,0.0016196179091684,4.389288949805381e-05,1.0536671717892689e-05,1.4644165497925766e-05,0.970834640076809,0.00035287047816283395,0.9711198402131123,0.00046728185561310955,0.9718764541348195,0.0010407531931559974,-0.0004474336589043171,-0.0003481871390313418,-2.0585973306547887e-05,8.561341641997452e-05,-2.8180074291347892e-05,6.530092962214347e-05,-9.816058733707945e-05,0.00019404051278834283,0.0001605646444005804,6.589585698112232e-05,0.018000000000000238,0.0,0.01780000000000017,0.0004472135954998586,0.017500000000000203,0.0005270462766945814,0.0,0.0,1.0,0.0,1.0,0.0,1.0,0.0,0.0,0.0,5635.666666666667,13.051181300300309,5653.0,27.32215218462908,5690.4,46.68380637627355,-15.0,-13.0,23250.333333333332,119.06860767364722,22193.0,2452.5204382430743,21794.9,2595.444233010345,-48.0,-113.0,3.8331674800026136,0.03790809783329911,3.815759742667543,0.03955611358151865,3.8161297644696424,0.034806206662890624,-0.033882623749198704,-0.03783920842086608,0.825333333333333,0.010692676621563637,0.8241999999999997,0.008105553651663865,0.8241999999999997,0.005553777493242404,0.017999999999999794,-0.000500000000000167,22.210405047295584,0.010903023128828552,22.7008717881236,1.0401252915445287,22.75853898881261,0.9726438346868823,-0.020448268813318293,-0.0018322437729381136,90.1,0.0,90.1,0.0,90.10999999999999,0.03162277660168574,0.0,0.0,1.4435920616050852e-05
24,-53.0,53.0,-0.01653129790912315,22.274292921887554,106.0,-32.51,-32.51,3.368,4.199,3.7786973285057246,0.23146109604705878,0.831,3.404,3.404,3.36,4.194,3.7728019701862543,0.23227922116317956,0.8340000000000001,3.397,3.397,3.365,4.196,3.7754815865870763,0.23164186399361997,0.8309999999999995,3.401,3.401,25.0,33.0,27.179110806667317,1.718708351195831,8.0,27.0,27.0,25.0,32.0,27.04214371921584,1.5720047976671732,7.0,27.0,27.0,25.0,33.0,27.140000652379555,1.6691189565567213,8.0,27.0,27.0,10.0,100.1,55.19681964967218,27.713065158713608,90.1,10.0,10.0,0.005895358319470299,0.018000000000000238,0.0027992160415900645,0.2480737323237212,0.006393079646810992,0.26372481345700144,0.13696708745147926,1.0,0.3438126007093662,0.15427367666173636,0.0016964509034973247,0.0016864769538879325,9.606147940749326e-05,0.9704888611345225,1904,2978.0,4224.0,5609.0,23026,90.1,-0.0006875664437954332,94.0,30657,22311,8346,0.006025062296336284,0.0002966092302443006,0.005990119464536202,0.00027613001552704566,0.005962321683689377,0.0002576364339300041,-0.00046907316741020503,3.998061840612514e-05,0.006372591502807122,4.053401091238606e-05,0.006334050797490586,6.072257874186806e-05,0.00626500711779804,0.00010092112707528251,-5.712029179163157e-06,3.358823059538673e-05,0.25550004315220315,0.0156430420415687,0.25600289551039423,0.011793964577240853,0.25623665000244017,0.013066544693740188,-0.025399276722647357,0.0015601721186008083,0.2631705902901534,0.0014384711919135857,0.26236043363751016,0.0015479307555744044,0.2606092967646715,0.0026714211419766143,-0.0005246987599930586,0.0010936841302685574,0.16163018110663196,0.021750252376418047,0.1465544018760315,0.030155193175143296,0.14789708299780518,0.024644923435999486,-0.04110223551580289,-0.01644352272482763,0.1918772696198711,0.03320045472611682,0.17041398532155738,0.03971621898201079,0.1684435135463446,0.03248218346462439,-0.06286662318162906,-0.024972077846387566,0.001683849222077631,1.2118462925442642e-05,0.0016681418682418226,2.40012436046698e-05,0.00163429340683501,4.242613819904092e-05,1.3634186270593783e-05,1.2085428994243236e-05,0.9706143454407999,0.00024871460175227814,0.9709250140927741,0.0004909187494697064,0.9715113634535602,0.0007614618796693833,3.5490370035806684e-05,-0.0002059716444342552,-0.0002314662653001864,0.0004030704415799032,-0.00015151014075111458,0.0003057651609425858,-0.0001606548073242483,0.0002679026859047134,-0.0007644325899431603,-0.00030193397277128995,0.018000000000000238,0.0,0.01780000000000026,0.00044721359549990814,0.017600000000000192,0.0005163977794941926,0.0,0.0,1.0,0.0,1.0,0.0,1.0,0.0,0.0,0.0,5622.666666666667,14.011899704655125,5636.2,21.856349191940314,5675.1,45.67141094576998,-13.0,-14.0,23130.666666666668,93.76744282180726,22117.4,2411.3386945844004,22269.9,2297.4303737485093,-133.0,-90.5,3.800886158871405,0.027767827926300927,3.8176423139705937,0.03672246328065098,3.807203937385438,0.03231077827841271,-0.021165546551893843,-0.027524085150546274,0.8249999999999996,0.010392304845413163,0.8265999999999997,0.007956129712366545,0.8247999999999998,0.005959119994689853,0.0,0.008999999999999897,22.233158704795304,0.037061446089066814,22.693050030907017,1.0439076892999148,22.715698137172588,0.9847361348763531,0.07192546004503342,0.025738595615857562,90.1,0.0,90.1,0.0,90.1,0.0,0.0,0.0,1.3965345726665454e-05
25,-53.0,53.0,-0.015731383414761935,22.350172720331166,106.0,-5.36,-5.36,3.373,4.199,3.757680657113814,0.2494501718425407,0.8259999999999996,3.459,3.459,3.365,4.194,3.7514017116437683,0.25041803365673304,0.8289999999999997,3.453,3.453,3.37,4.196,3.754277502705184,0.24970823506464718,0.8259999999999996,3.455,3.455,25.0,33.0,27.18087024953274,1.6354910446898292,8.0,26.0,26.0,25.0,32.0,27.049414696527528,1.504869973722434,7.0,26.0,26.0,25.0,33.0,27.13289831786733,1.5811374107311873,8.0,26.0,26.0,10.0,100.1,51.40583991868052,31.305585197440955,90.1,10.0,10.0,0.006278945470046217,0.018000000000000238,0.0026830836657441718,0.2598489705703877,0.006460437519815211,0.264389595035398,0.13145555300521364,1.0,0.33789789965210953,0.1516373024140586,0.0017028712338888752,0.0016928657799274234,9.726542842590257e-05,0.9699490345332563,1922,2993.0,4237.0,5619.0,22957,90.1,9.791331870346701e-05,94.0,30497,22079,8418,0.006179578425465674,0.0002498254715948025,0.006009402311255226,0.0002956053841269473,0.005984018992802535,0.00027547966603606356,0.0003835871505759184,-4.274300841714332e-05,0.00641743628087212,3.734952117923028e-05,0.0063683505919564206,7.550668058812117e-05,0.006300643649880815,0.00010069703447165084,6.735787300421892e-05,3.082292191252788e-05,0.2604652373134925,0.012710847848684164,0.2554803392224201,0.011490219128759116,0.2562433224178343,0.013068573299862524,0.011775238246666486,-0.006812019237990435,0.26412130690313135,0.0003504441305273317,0.2629070088325493,0.001711207033749411,0.26145160559965425,0.0023539265499338,0.000664781578396556,7.004140920174873e-05,0.14883065447465835,0.025470945298600094,0.14361528899356946,0.030911014937683973,0.14888158013843547,0.0236549305807023,-0.00551153444626562,-0.023306884981034254,0.17435042630638678,0.037080555218017244,0.1694922837931959,0.04017801377314657,0.17068186408270974,0.030170520759362718,-0.002636374247677764,-0.03275149871465341,0.001694046284870977,1.0241218320677106e-05,0.0016815894572705299,1.968102907767539e-05,0.0016478460320725739,4.025458569381125e-05,6.4203303915505265e-06,1.0027258331072155e-05,0.9702970888107552,0.00030194573462573776,0.970588363179641,0.0004608779269053282,0.9713080662110155,0.0008834582556778534,-0.000539826601266169,-0.00025216811561518115,-0.000170928992981413,0.0004475449000445146,-0.00013028220900232197,0.00032148017968979664,-0.00015313901651806946,0.0002745905919452103,0.0007854797624989001,1.0523586277869948e-05,0.018000000000000238,0.0,0.018000000000000238,0.0,0.01770000000000018,0.0004830458915395378,0.0,0.0,1.0,0.0,1.0,0.0,1.0,0.0,0.0,0.0,5616.666666666667,6.8068592855528545,5627.0,15.443445211481418,5662.8,42.07348069482017,10.0,-1.5,23047.333333333332,102.67586538880927,23146.8,166.67993280535825,22761.3,1754.1810403211555,-69.0,-101.0,3.7754687408104104,0.021184818137864773,3.80585230586002,0.0466228079581623,3.801569730838216,0.03631341297448498,-0.021204083881892544,-0.021184815216893194,0.8293333333333329,0.0028867513459480917,0.8265999999999997,0.007956129712366545,0.8248999999999997,0.005971227307309348,-0.004999999999999893,-0.0024999999999999467,22.275611034687078,0.07391144481906416,22.251136156821097,0.062368458287262916,22.490164547212398,0.7288437163360847,0.07587979844361215,0.07390262924432278,90.1,0.0,90.1,0.0,90.1,0.0,0.0,0.0,1.3242726120273382e-05
26,-53.0,53.0,-0.018615360290920223,24.417580949818298,106.0,30.71,30.71,3.367,4.2,3.814402031700858,0.24278281462309098,0.8330000000000002,3.524,3.526,3.358,4.194,3.8080455353966562,0.2441210937326037,0.8359999999999999,3.517,3.519,3.364,4.196,3.810911972805249,0.24322471589045874,0.8319999999999999,3.52,3.522,26.0,33.0,27.609075457527965,1.662829167695953,7.0,27.0,27.0,26.0,32.0,27.46436618048144,1.4866312846344159,6.0,27.0,27.0,26.0,33.0,27.56021977153247,1.6101407609316183,7.0,27.0,27.0,10.0,100.1,59.48627218467133,29.04359233692385,90.1,10.0,10.1,0.006356496304201782,0.018000000000000238,0.00296381700295765,0.26562834023125814,0.006426681614349779,0.26530866787717444,0.1447092770465236,1.0,0.3518074788619424,0.15632286995515696,0.001711291193300289,0.0017031630170316228,9.61658742096263e-05,0.9700546179678816,1906,2974.0,4215.0,5591.0,17778,90.1,-5.237479898758346e-05,94.0,25299,22300,2999,0.006176933364572766,0.0002469147879084996,0.00614212573265137,0.00026539592959650186,0.0060623559269463514,0.0002563725050783325,7.755083415556495e-05,0.00023056899236574167,0.006426732926991994,3.3678965819259826e-05,0.0064009787285172716,4.974812065441529e-05,0.00633168502544499,8.400694475934389e-05,-3.375590546543256e-05,1.680098376939318e-05,0.2578503477084557,0.008946336384521827,0.2583954880516511,0.011926725181395106,0.2592973862798963,0.010976407425472913,0.005779369660870448,0.008777303953768467,0.264474358789858,0.000795322184166972,0.2638420067566066,0.0014090552437583386,0.26230965612105817,0.0019740607073761057,0.0009190728417764471,0.0007919272100865016,0.13771063916773882,0.006658074204068772,0.15221107467432665,0.020611733928945716,0.14866622956326986,0.023685134763034896,0.01325372404130995,0.003871094797522165,0.15407794967698396,0.0023489077429681296,0.17671839624576574,0.03138054124144485,0.16921361641261057,0.03050839859811373,0.004685567541098362,0.001024596646710299,0.0017035377768954963,7.442564077240498e-06,0.0016931420186844116,1.56271611417973e-05,0.0016605145439522518,3.801311081111284e-05,8.419959411413774e-06,7.42014490148215e-06,0.9701641712118868,0.00028610247257967737,0.9703693377647076,0.00038062696540537387,0.9710526753794587,0.0008334785030565926,0.0001055834346253004,-0.0002171215833204343,-0.00021400930802651654,0.0004169399239794923,-0.00012977205523693515,0.00032163164630261083,-0.00016533046626689927,0.0002661831536546303,-0.00015028811769105048,0.00031759582240392485,0.018000000000000238,0.0,0.018000000000000238,0.0,0.01780000000000017,0.00042163702135569595,0.0,0.0,1.0,0.0,1.0,0.0,1.0,0.0,0.0,0.0,5606.333333333333,14.189197769194523,5615.6,17.023513150934242,5649.3,41.190748691634816,-28.0,-9.0,21253.666666666668,3010.213336847298,22025.4,2376.484441354498,22192.3,2328.34237888961,-5179.0,-2624.0,3.7802236873658366,0.02861348354754679,3.793569590424929,0.02977972229968928,3.799200442955631,0.03465352104150172,0.05663447010006539,0.017715193109086425,0.8296666666666663,0.003214550253664408,0.8265999999999997,0.007956129712366545,0.8254999999999997,0.006381396573025686,0.006000000000000227,0.000500000000000167,23.014015530679007,1.216115270155635,22.693445956907077,0.9655073994631717,22.703306742537045,0.9428054020756563,2.067408229487132,1.071644013965372,90.1,0.0,90.1,0.0,90.1,0.0,0.0,0.0,1.2487374106877595e-05
27,-53.0,53.0,-0.014839683633618622,22.236547112538947,106.0,-27.28,-21.68,3.382,4.2,3.8544934199730894,0.23555907620750308,0.8180000000000001,3.414,3.425,3.374,4.194,3.848905090085655,0.23723778890695826,0.8199999999999998,3.407,3.418,3.379,4.196,3.8514531193593906,0.2362442724511872,0.8169999999999997,3.411,3.421,25.0,33.0,27.202060976009978,1.7724486741439651,8.0,27.0,27.0,25.0,33.0,27.01998621640248,1.6300647137145434,8.0,27.0,27.0,25.0,33.0,27.14505595484231,1.7270210125764276,8.0,27.0,27.0,10.0,100.1,64.3490531981228,28.152085680006874,90.1,10.0,10.0,0.005588329887433947,0.018000000000000238,0.003120710492312556,0.23408238644296922,0.006455100655960191,0.26501037163010105,0.18207475960749564,1.0,0.3859061304532079,0.2249717258538792,0.0017284141560341912,0.0017209128320239363,8.995889146110555e-05,0.969687962335804,1895,2961.0,4198.0,5571.0,22905,90.1,0.00011203182948057384,93.0,30471,22105,8366,0.006074590553893981,0.0004228955069271549,0.00609671229360655,0.00034328061517139284,0.005995594777429149,0.00028561757627319003,-0.0007681664167678353,-0.0003453077913061352,0.006447406596708394,1.814563857451516e-05,0.006426818222585266,3.104009767617159e-05,0.006357072316867121,7.837351468460231e-05,2.8419041610412178e-05,-2.6684319275101925e-06,0.25318656574820503,0.01679516384600633,0.25622128772294095,0.015457912352778923,0.2553358292347468,0.01227379376404649,-0.03154595378828892,-0.012883292063709237,0.26490287818089114,0.00046887082799011227,0.2645365920433339,0.0006292010033151353,0.26289102297664063,0.001804185087489468,-0.00029829624707339297,0.00031038829735152706,0.15274652988641094,0.02624926845019412,0.15465520001559888,0.023717439432854124,0.15012633374956896,0.025363928245461523,0.03736548256097205,0.025309603301141,0.17764396607436492,0.04105394341724202,0.1808691749456393,0.03682720966662324,0.1727765733159923,0.03488667920849674,0.06864885589872224,0.0366672117199103,0.001714192194407785,1.3016223473026598e-05,0.0017043688407894822,1.6996519768438035e-05,0.001672971763237038,3.778847873942095e-05,1.7122962733902205e-05,1.277146107265799e-05,0.9698972049456472,0.00018874272900179224,0.9701267693471902,0.00034173309289285095,0.9707762185152152,0.0007739322215320375,-0.000366655632077606,-0.0001305360987261528,5.2523449732152464e-05,9.111841210749585e-05,-9.062598969024972e-05,0.0003400264465397129,-0.00012204091469510596,0.0002731870847444985,0.00016440662846815731,7.059255388553412e-06,0.018000000000000238,0.0,0.018000000000000238,0.0,0.01790000000000016,0.00031622776601677966,0.0,0.0,1.0,0.0,1.0,0.0,1.0,0.0,0.0,0.0,5593.666666666667,24.110855093366542,5602.4,21.32604042010682,5635.0,41.0555179672014,-20.0,-24.0,21213.333333333332,2975.199545128586,21965.0,2342.540821415926,22115.7,2286.513991501764,5127.0,-26.0,3.8055475316232745,0.048809405240459416,3.797754262919174,0.03689247565047062,3.8049263792942463,0.038275623940689486,0.04054114655414143,0.04858780832710341,0.8249999999999997,0.0075498344352708125,0.8273999999999997,0.006268971207463147,0.8247999999999998,0.006924994985958984,-0.015000000000000124,-0.0044999999999999485,23.00143359422947,1.2277347817189468,22.6961922332837,0.9638521914207727,22.70564339012605,0.9414837337917856,-2.181033837279351,-0.05681280389610954,90.1,0.0,90.1,0.0,90.1,0.0,0.0,0.0,1.2412817260285609e-05
28,-53.0,53.0,-0.014069419312386408,22.19714474491185,106.0,-28.88,-28.88,3.367,4.2,3.8123139661128476,0.21860809700551792,0.8330000000000002,3.411,3.411,3.358,4.194,3.8058026320118445,0.21977760259869122,0.8359999999999999,3.404,3.404,3.364,4.196,3.8087394637275866,0.21898826866577667,0.8319999999999999,3.408,3.408,25.0,33.0,27.21536436913966,1.7651767102879279,8.0,27.0,27.0,25.0,33.0,27.06172067774305,1.6347337399944466,8.0,27.0,27.0,25.0,33.0,27.172725777266,1.7213061532303484,8.0,27.0,27.0,10.0,100.1,60.66829741733838,26.11355516134694,90.1,10.0,10.0,0.0065113341010035,0.018000000000000238,0.002700836359178228,0.27158629869450307,0.006503795972178028,0.26601438432616903,0.1536436913966113,1.0,0.36060686001604875,0.18407055507569214,0.0017427666759942321,0.0017382413087934463,9.382639819608668e-05,0.9693477894729192,1891,2954.0,4189.0,5557.0,22955,90.1,-0.0004335724741827942,93.0,30395,21997,8398,0.006152053430879743,0.0004942993636511348,0.006126092816431149,0.00037659259290525823,0.00607003573415422,0.0003149036903989743,0.0009230042135695534,7.741889840085902e-05,0.0064618594141626655,3.8998931461606646e-05,0.006447819081822839,4.1197259707780325e-05,0.0063812595522405036,8.293638988359017e-05,4.8695316217837147e-05,3.855717891412466e-05,0.2570990084562435,0.020154353969772762,0.25584394565256785,0.014946052619081659,0.25784048767542517,0.012822666999053942,0.03750391225153385,0.002978979231622464,0.2654444746111482,0.000515599626852944,0.2648895664651688,0.0008749394411127035,0.26337381590549475,0.001938346907627324,0.0010040126960679796,0.0003528582244972933,0.16014257601687684,0.01951208465885282,0.1497700737014647,0.01989690574919206,0.1481889983984908,0.024131155908330107,-0.02843106821088434,0.004467207175043855,0.18845505029490942,0.03453381245672694,0.17425522599210466,0.031228617552289083,0.17162625465953477,0.034235028010695875,-0.04090117077818706,0.013873842560267594,0.0017274906751095708,1.5758049227866294e-05,0.0017163588325429823,1.901727467368551e-05,0.0016853922856798534,3.832590679087468e-05,1.435251996004098e-05,1.5737741346971592e-05,0.969696789925535,0.00035349692372337163,0.9699056530888768,0.0004250897515229563,0.9705127466509946,0.0007660751667058385,-0.0003401728628847911,-0.00035341424748119854,-0.0001246384812299346,0.00027988844897997267,-0.00019271371375635397,0.00035352549272256857,-0.00011044689402385094,0.0002548760565769621,-0.000545604303663368,-0.00019059883759760536,0.018000000000000238,0.0,0.018000000000000238,0.0,0.017900000000000204,0.0003162277660167953,0.0,0.0,1.0,0.0,1.0,0.0,1.0,0.0,0.0,0.0,5573.0,17.088007490634823,5589.4,25.744902408050105,5621.2,41.83247011061135,-14.0,-17.0,21212.666666666668,2974.6136443802816,21924.2,2318.196001204385,22058.6,2254.28457239394,50.0,2588.5,3.823701518630742,0.024058126613988522,3.8001727290368974,0.03719685150358946,3.807966235852221,0.0371192597786312,-0.04271365563180396,-0.001086254538831266,0.8269999999999998,0.008660254037844461,0.8275999999999997,0.00642650760522405,0.8258999999999996,0.007125073099040376,0.015000000000000124,0.0,22.950424269089694,1.2707476858128,22.69514768989756,0.9645237455647987,22.69800973901058,0.9456772191120182,-0.03940236762709759,-1.1102181024532243,90.1,0.0,90.1,0.0,90.1,0.0,0.0,0.0,1.2592458390189629e-05
29,-53.0,53.0,-0.015051394042888633,22.221550350728673,106.0,-12.85,-12.85,3.38,4.2,3.782053758497258,0.22896528830316937,0.8200000000000003,3.442,3.442,3.372,4.194,3.776058553085284,0.22983271731451566,0.8220000000000001,3.436,3.436,3.378,4.196,3.7788080851203567,0.22916260301164912,0.8179999999999996,3.439,3.439,25.0,33.0,27.243538800039406,1.7404573230920009,8.0,27.0,27.0,25.0,33.0,27.10636760697514,1.6048356710731007,8.0,27.0,27.0,25.0,33.0,27.202259367508457,1.696827962405934,8.0,27.0,27.0,10.0,100.1,56.16280581918492,27.078758715149338,90.1,10.0,10.0,0.005995205411973356,0.018000000000000238,0.002869962572231418,0.24883448746021378,0.006559994552140555,0.26813228398377753,0.13717119306426717,1.0,0.3440279884799967,0.16030326417578428,0.0017535569386912726,0.0017441860465116353,9.566623425614203e-05,0.9693261857731365,1930,2991.0,4222.0,5588.0,22886,90.1,-4.216047266433503e-05,93.0,30451,22027,8424,0.006031623133470267,0.00046257851484484064,0.0061460622349317606,0.00036372625018895753,0.006068090849733981,0.0003153434901998078,-0.0005161286890301448,0.00020343776226970428,0.006506297060092925,5.24916559516352e-05,0.0064812020628887525,5.197035236812942e-05,0.00640762643018967,9.409589296032015e-05,5.619857996252715e-05,5.244694809018215e-05,0.251501057532562,0.01889361811580159,0.2559960966798664,0.014850744887618133,0.2559994960951303,0.012642824105333319,-0.022751811234289293,0.007376050508622278,0.2663856799800159,0.0015937313239481592,0.265771060570524,0.001443561927060546,0.26406574710401703,0.0022852372314431505,0.002117899657608502,0.0015609561768382407,0.15762988135612468,0.022715630188717,0.14981089482402227,0.01986425456782691,0.1481826483500269,0.02413436693381287,-0.016472498332344127,-0.022451783271614234,0.18978184836845188,0.03271034449925208,0.1754611434949142,0.030368692582463764,0.1729375644082358,0.033436883612841105,-0.023767290899907867,-0.03233423083904746,0.0017415792569065653,1.2613379919858824e-05,0.0017277800395817723,2.1105571273218382e-05,0.0016979609539117973,3.797337961621315e-05,1.0790262697040441e-05,1.257139132854071e-05,0.9694539791939533,0.00020292304691158088,0.9696731180165996,0.0003346987950794462,0.9702990660546869,0.0007695747362370436,-2.1603699782768437e-05,-0.00018088828133377977,-0.0001212337057888518,0.00028126579278605897,-6.363251953013436e-05,0.0002204531562944758,-0.00010757133014062446,0.0002555329728331252,0.00039141200151845913,-7.709615107245443e-05,0.018000000000000238,0.0,0.018000000000000238,0.0,0.01790000000000025,0.0003162277660168109,0.0,0.0,1.0,0.0,1.0,0.0,1.0,0.0,0.0,0.0,5572.0,15.52417469625976,5585.2,23.349518196314502,5610.7,34.30921482957387,31.0,8.5,22915.333333333332,35.64173583508882,21896.2,2302.352427409844,22006.8,2225.7045725891926,-69.0,-9.5,3.8130002227357784,0.03650946179268998,3.8008380287435535,0.03667085158141676,3.809240171357074,0.03571355588475224,-0.02993137860722994,-0.03632251711951695,0.822333333333333,0.008386497083606188,0.8249999999999996,0.007280109889280799,0.8257999999999998,0.0072387844283417204,-0.014000000000000234,0.0004999999999999449,22.21841406939316,0.01988752973893035,22.684599175665788,0.9705466978953149,22.6888246032864,0.9502628390015555,0.02440560581682405,-0.00749838090513677,90.1,0.0,90.1,0.0,90.1,0.0,0.0,0.0,1.2475728418762811e-05
30,-53.0,53.0,-0.01403066776587009,22.226843318802555,106.0,-46.79,-46.79,3.362,4.2,3.7653600000000003,0.24344788377547424,0.8380000000000001,3.374,3.374,3.353,4.194,3.758950272052761,0.24450497844642494,0.8409999999999997,3.366,3.365,3.359,4.196,3.7617406430338005,0.24389221567296582,0.8369999999999997,3.371,3.371,25.0,33.0,27.19159109645507,1.723097115056905,8.0,27.0,27.0,25.0,32.0,27.0557625721352,1.5715599497624195,7.0,26.0,26.0,25.0,33.0,27.147238252267105,1.6786283923465606,8.0,27.0,27.0,10.0,100.1,52.47255729596042,30.229983937203546,90.1,10.0,10.0,0.006409727947238243,0.018000000000000238,0.0027627371534248136,0.27892535903137944,0.006572054794520551,0.2678979437078837,0.13582852431986808,1.0,0.3426063868361988,0.1506392694063927,0.0017619167723566546,0.0017483862337755378,0.00010144009555353702,0.9688546469680083,1886,2944.0,4173.0,5536.0,22886,90.1,8.265637792969588e-05,92.0,30325,21900,8425,0.006305422486738366,0.00027341713137176235,0.0061722187303701655,0.00038000920472719624,0.006090810520812696,0.000332236716320439,0.0004145225352648876,-5.080307688262861e-05,0.006545281772946378,3.643029111346642e-05,0.006503525517829821,6.351188765586985e-05,0.00643593805489312,9.696547278419864e-05,1.2060242379995784e-05,3.4129411171261465e-05,0.2664487150620321,0.015689525555719404,0.25981137437206475,0.018167988401951583,0.25764585679724245,0.014511675056350919,0.03009087157116566,0.0036695301684381842,0.2673482040059434,0.0011610491138799785,0.2664727303050211,0.0014567915879366703,0.26468986956878526,0.002403419069674657,-0.00023434027589380735,0.0009417796908573473,0.14221446959358217,0.009920737024356878,0.15068548908695317,0.018928272333655457,0.1471503890402613,0.024449609575297095,-0.0013426687443990892,-0.008907583538371608,0.16500436288595638,0.017204300688713522,0.17526153689338106,0.03056706058863214,0.17237691034328848,0.03379296875990639,-0.009663994769391587,-0.016715642834649727,0.0017527467956807198,9.600718537992352e-06,0.0017395891472753277,2.0182748549087848e-05,0.0017105893022729287,3.588353859647397e-05,8.359833665382054e-06,9.575048181211247e-06,0.969176207404688,0.0002786889229832371,0.9694542405035499,0.0004478619313849203,0.9700213018415956,0.0007354167906273405,-0.0004715388051281799,-0.0002465712524554742,-0.00013102552297247777,0.00026934328432883994,-6.668390768488858e-05,0.00021774710405757822,-9.848305834360527e-05,0.0002610161955089164,0.0001248168505940309,0.000258114426056245,0.018000000000000238,0.0,0.018000000000000238,0.0,0.018000000000000238,0.0,0.0,0.0,1.0,0.0,1.0,0.0,1.0,0.0,0.0,0.0,5560.333333333333,26.159765544310975,5568.6,22.810085488661016,5597.8,35.841626947194186,-52.0,-10.5,22909.0,39.83716857414606,21882.0,2294.379327835744,22514.4,1672.2284665811778,0.0,-34.5,3.7830960639605813,0.023791014239672923,3.802330656809277,0.03438236726317632,3.804091481334649,0.038664279570262104,-0.017067442086556195,-0.023499410346893068,0.8289999999999997,0.009848857801796203,0.8271999999999998,0.009093954035511926,0.8268999999999996,0.00806156863698947,0.019000000000000128,0.0024999999999999467,22.215179471481026,0.01584116156020177,22.659933295360066,0.9826623165399486,22.45553472609058,0.6908809161692028,0.0052929680738813545,0.014849286945352702,90.1,0.0,90.1,0.0,90.1,0.0,0.0,0.0,1.1809049928900217e-05
31,-53.0,53.0,-0.017526061736908478,24.671902954919545,106.0,-24.74,-8.62,3.373,4.2,3.8131895915304423,0.24115427814957147,0.827,3.419,3.449,3.364,4.195,3.8067471707297287,0.24244019235922554,0.8310000000000004,3.412,3.443,3.37,4.196,3.8096576075933966,0.24158309500606753,0.8259999999999996,3.416,3.446,26.0,33.0,27.736462093862816,1.6934929812135782,7.0,28.0,28.0,26.0,33.0,27.558877215754674,1.5590408698671239,7.0,27.0,27.0,26.0,33.0,27.656634081044903,1.6508923293624864,7.0,27.0,27.0,10.0,100.1,59.40036101083033,28.8200010623421,90.1,10.0,10.0,0.006442420800713945,0.018000000000000238,0.0030006253916660514,0.26768358260105984,0.00659884659746252,0.26870138918940245,0.177584878108141,1.0,0.3821629092094858,0.19312572087658592,0.0017668565056656333,0.0017585426584034412,9.542214642883237e-05,0.9687321148238285,1898,2954.0,4179.0,5537.0,17241,90.1,-0.00011023617037300164,92.0,24653,21675,2978,0.0062824513866418475,0.00024929880292439446,0.006189403629672598,0.00039217416841570794,0.006165764681161984,0.00031667198419090974,3.2692853475701535e-05,0.00022360769437029457,0.006576965314707875,1.988605699504933e-05,0.006537958514452369,5.785327547490016e-05,0.006469468621484821,8.831519458691635e-05,2.6791802941968958e-05,1.942602266098237e-05,0.26514780969755103,0.015204859293716736,0.26022242284602504,0.018354788044592753,0.25930895544883803,0.014624653073625173,-0.011241776430319594,0.009424547570423034,0.2682438722936879,0.0004131829178760158,0.2671512745674668,0.0015651465130499542,0.26549664066203665,0.002239013045446364,0.0008034454815187275,0.0002845526028124601,0.15019486516409206,0.023729945146284955,0.15726060929927663,0.021822115871728668,0.15473584198680163,0.020187833978052155,0.041756353788272915,0.020206842521936913,0.1680227514862543,0.02227032785759241,0.18262210707766685,0.02927006478006268,0.1796702516617163,0.02877698684579425,0.042486451470193226,0.01641122835040082,0.0017607767389045202,6.722676374067045e-06,0.0017507022097483969,1.5448359158362815e-05,0.001721922114216404,3.3688736746967145e-05,4.9397333089786725e-06,6.649783487180363e-06,0.9689709825216578,0.0003136567295460029,0.9691897398747393,0.00039164100997147316,0.9697795388197236,0.0007204679208667469,-0.00012253214417978775,-0.00029703547465398383,-2.3246755035880264e-05,9.782729850902435e-05,-7.825618196197223e-05,0.00021833326970234636,-0.00010401411859945369,0.00026057629363632223,-0.00019289254830269753,-3.403784885433331e-05,0.018000000000000238,0.0,0.018000000000000238,0.0,0.018000000000000238,0.0,0.0,0.0,1.0,0.0,1.0,0.0,1.0,0.0,0.0,0.0,5553.666666666667,29.737742572921103,5557.8,22.33159197191341,5586.7,35.75549685789807,1.0,-25.5,21004.333333333332,3259.1422695754377,21774.6,2534.5165811254815,21900.0,2320.0350093143934,-5645.0,-2822.5,3.7834021119158514,0.024286574167627625,3.8020797837669065,0.03430859677847884,3.7978246870959183,0.03061717958092346,0.04791696455959604,0.015424761236519924,0.8269999999999996,0.009539392014169533,0.8259999999999998,0.008689073598491592,0.8262999999999996,0.007860590874030507,-0.01100000000000012,0.0040000000000000036,23.040098874816923,1.4131862654149452,22.710797696380315,1.096387432742214,22.702121826643697,0.9739856530730717,2.4450596361169907,1.225176302095436,90.1,0.0,90.1,0.0,90.1,0.0,0.0,0.0,1.1074109044486895e-05
32,-53.0,53.0,-0.014057336580870137,22.103092472886907,106.0,-28.7,-33.26,3.364,4.2,3.8654935158975707,0.24343089118457956,0.8360000000000003,3.409,3.401,3.355,4.195,3.8598893094595486,0.24533549168557744,0.8400000000000003,3.402,3.393,3.361,4.196,3.862426436705944,0.244233266886407,0.8349999999999995,3.406,3.397,25.0,33.0,27.204397340530576,1.8257901650127815,8.0,27.0,27.0,25.0,33.0,27.04686985715226,1.6967953675194818,8.0,27.0,27.0,25.0,33.0,27.146303732473175,1.779707363941911,8.0,27.0,27.0,10.0,100.1,65.37667039694556,28.797461415032377,90.1,10.0,10.0,0.005604206438022636,0.019000000000000128,0.0032976033851293295,0.23525421338573005,0.006539507067778182,0.26774672969986285,0.1575274833783161,1.0,0.3642973721546869,0.19613084450888002,0.001785125480604901,0.0017770238895797987,9.010182377286565e-05,0.9687929725272049,1881,2935.0,4157.0,5512.0,22865,90.1,-0.00037067127017300895,92.0,30382,22072,8310,0.006152118395324941,0.0004747871527150132,0.0061925789397903365,0.00038610814871766034,0.006144645616698443,0.0003481156205855325,-0.0008382143626913087,-0.0004027607546078036,0.006570136153253751,2.971625538363262e-05,0.006554839796815967,3.570745988233464e-05,0.006490829009700616,7.448180246895861e-05,-5.933952968433746e-05,-1.627386337118425e-05,0.26062105167272315,0.022676017018783665,0.2604567882345773,0.017940375703082594,0.2583390379787591,0.01594457483547304,-0.032429369215329795,-0.021835572822824695,0.2681153541990497,0.000513121989875322,0.2676985461814191,0.0010089976163914938,0.26611756911237655,0.001845437776976678,-0.0009546594895395999,-7.560700401043619e-05,0.15698029526877502,0.02088355409271351,0.15235115405344074,0.01709264737158538,0.1535031770345198,0.019527683139502098,-0.0200573947298249,0.010849479529224007,0.1799652782639529,0.025441477721363185,0.17685393080866701,0.020307530980278828,0.17886155287715316,0.02811654753793456,0.0030051236322941044,0.022745787551243665,0.001771299586209063,1.2225659825738547e-05,0.0017620444746625388,1.5808040469355618e-05,0.0017332066577260105,3.410979033051942e-05,1.826897493926766e-05,1.1604354124123166e-05,0.9687932447730138,6.126652578798393e-05,0.9690107419130195,0.0003010515232594671,0.9695687556301047,0.0006619371563231484,6.085770337638241e-05,-3.083722040170267e-05,-0.00013275035420543823,0.00022750089118245883,-0.00017479680189268876,0.00021987170501643942,-0.00013271139579146924,0.00027356860161780394,-0.0002604350998000073,-0.00022666382405135243,0.018333333333333535,0.0005773502691895622,0.018200000000000216,0.00044721359549990814,0.018100000000000227,0.0003162277660168109,0.0009999999999998899,0.0004999999999999449,1.0,0.0,1.0,0.0,1.0,0.0,0.0,0.0,5528.333333333333,14.153915830374585,5546.0,28.38133189263725,5574.2,37.99649106605683,-25.0,-12.0,20997.333333333332,3253.0970371836947,21766.6,2530.1158669120273,21865.8,2301.070803874674,5624.0,-10.5,3.811274895777714,0.05036237660844237,3.8042744472362164,0.03836739750860081,3.801014355077696,0.03565066590251593,0.05276882911254743,0.05034289683607174,0.8326666666666663,0.005859465277082372,0.8295999999999996,0.007700649323271489,0.8284999999999997,0.0067206150512189745,0.008999999999999897,-0.001000000000000112,23.000612915536333,1.448701613436103,22.684106768449904,1.1123276950744567,22.690149500866802,0.9812407643554424,-2.5688104820326387,-0.061875422957824,90.1,0.0,90.1,0.0,90.1,0.0,0.0,0.0,1.1212094145779311e-05
33,-53.0,53.0,-0.013697540277132618,22.198893921704553,106.0,-6.82,-6.82,3.363,4.2,3.8174168600411056,0.21911277380351435,0.8370000000000002,3.453,3.454,3.354,4.195,3.8108591129085725,0.2202704989958959,0.8410000000000002,3.447,3.447,3.359,4.196,3.8139175893389905,0.21949834065808052,0.8369999999999997,3.45,3.45,25.0,33.0,27.272061261022344,1.8032416576064607,8.0,28.0,28.0,25.0,33.0,27.131903467479944,1.6814756838758231,8.0,27.0,27.0,25.0,33.0,27.225750845322548,1.7584212354015083,8.0,28.0,28.0,10.0,100.1,61.148882848239744,26.18982654451679,90.1,10.0,10.0,0.006557747132533291,0.019000000000000128,0.0027330020166555333,0.26357748383288065,0.006643387610129624,0.2694742810046715,0.14015779354239874,1.0,0.3471506682288327,0.16287651644448545,0.0017949889853379711,0.0017910447761194047,9.581538615271839e-05,0.9683025571791106,1881,2933.0,4152.0,5503.0,22602,90.1,-0.00030769182133662563,92.0,30166,21679,8487,0.006201458123756624,0.0005204394516048866,0.006201861546096294,0.0003961155552098035,0.006163977181263722,0.00036655609051288335,0.0009535406945106548,5.766316590967305e-05,0.0065939137584567755,5.21156545128506e-05,0.006582758124406287,4.0119100490769345e-05,0.006515288603114564,8.079355637109002e-05,0.0001038805423514413,2.2270506333551925e-05,0.2555050932732235,0.017657537029177595,0.2588550252622528,0.017032856750360068,0.2573494854574103,0.015190191619456462,0.028323270447150606,-0.0020530493840895947,0.2686407999646456,0.0008653679381071533,0.2683905255171196,0.0007062153995389284,0.2666400459911442,0.0019916163891354334,0.0017275513048086721,0.0003864459076345361,0.15842338500961858,0.018729619445481367,0.1496539744825982,0.017883427218093256,0.14971202409203144,0.017835199302377595,-0.017369689835917357,-0.01871354228287113,0.18404436060998378,0.01839336597723378,0.17261512308242566,0.020633917768181662,0.17343517453726515,0.024968124814230115,-0.03325432806439457,-0.015124602216050234,0.001782323657202835,1.42739890679152e-05,0.0017724889365312863,1.7086909590622395e-05,0.0017444238845371347,3.414177678094136e-05,9.863504733070155e-06,1.4066239836168907e-05,0.9686092148433812,0.00026731088139388045,0.9688016954542578,0.00036467469364192943,0.9693536742715672,0.0006913402333077399,-0.0004904153480942419,-0.00021477882235892976,-0.00026286642062754544,0.00013588082172811264,-0.00014962067132345507,0.0001876841206248929,-0.00017116719253990452,0.00026780277534102617,6.297944883638332e-05,-9.8727825481812e-05,0.01866666666666683,0.0005773502691895622,0.018400000000000194,0.0005477225575051054,0.018200000000000216,0.00042163702135574317,0.0,0.0004999999999999449,1.0,0.0,1.0,0.0,1.0,0.0,0.0,0.0,5517.333333333333,17.616280348964796,5535.2,33.040883765420475,5562.3,39.94732642979365,-9.0,-17.0,20902.666666666668,3173.8217236217492,21696.0,2493.322181347609,21810.1,2272.8577435075463,-263.0,2680.5,3.828667211212777,0.029313833603639525,3.8053100723584974,0.03858730356836475,3.8027414006976974,0.03583344771274669,-0.04850884736695349,0.002129990872796972,0.8326666666666663,0.005859465277082372,0.8305999999999998,0.0083845095265019,0.8290999999999997,0.00721803297304778,0.002000000000000224,0.00550000000000006,22.991296449837005,1.4562359520672536,22.684456603808446,1.11213651222244,22.689802146853005,0.9814332183433979,0.09580144881764596,-1.2365045166074964,90.1,0.0,90.1,0.0,90.1,0.0,0.0,0.0,1.1222709921631234e-05
34,-53.0,53.0,-0.013313093980992684,22.142184444214944,106.0,-24.2,2.26,3.369,4.2,3.7809783526927143,0.22887750713461208,0.831,3.42,3.471,3.36,4.195,3.7748007853748677,0.22984365570941678,0.8350000000000004,3.412,3.465,3.366,4.196,3.7777466011087646,0.22907738567041305,0.8299999999999996,3.416,3.467,25.0,33.0,27.247195089757128,1.7694579511309847,8.0,27.0,27.0,25.0,33.0,27.12137011615628,1.6461452275270623,8.0,27.0,27.0,25.0,33.0,27.200765575501585,1.7307599593572225,8.0,27.0,27.0,10.0,100.1,56.112678194297786,27.06075157199861,90.1,10.0,10.0,0.006177567317845891,0.019000000000000128,0.002900733111229875,0.24442746575931995,0.006661354218842501,0.27070196571733807,0.12582497360084477,1.0,0.3316520007767049,0.14216110377487365,0.001808265509368329,0.0017977528089887656,9.606648186803318e-05,0.9682480150604607,1887,2936.0,4154.0,5502.0,22814,90.1,-4.381437332086776e-05,92.0,30304,21961,8343,0.006113173629467273,0.00048002070200067244,0.0062383339272708005,0.00038041504016325206,0.0061921980811012805,0.00035423387040101,-0.0003801798146873996,0.0002866804399116276,0.006614749632250103,6.577828204200006e-05,0.006603030057746676,5.0106332754196895e-05,0.006542116060317714,8.024365620969834e-05,1.7966608712877315e-05,6.092357553215931e-05,0.24775305432597686,0.01445152471857628,0.257973620922074,0.01777872157684074,0.2569848588009702,0.015478611636768239,-0.019150018073560704,0.004586626186794951,0.2693076588072908,0.0014846471625407944,0.26890446186383177,0.0012196695279324218,0.26733776121717784,0.002077160678019189,0.0012276847126665436,0.0014776180087376078,0.14117008350718652,0.015875478883400563,0.14738473058991372,0.020405403623315693,0.14859781270696798,0.019028026430302266,-0.01433281994155397,-0.015851254888735664,0.16705615490941303,0.02722655435410618,0.16898669100224356,0.02456151499450697,0.17222391724857888,0.02626129041780355,-0.0207154126696118,-0.026984870367003186,0.0017961266584370671,1.161188864282785e-05,0.001783430650666698,1.9305355462131744e-05,0.0017556053451242347,3.4984192999551544e-05,1.3276524030357952e-05,1.1570014381714054e-05,0.9684478482555922,0.000300127944089719,0.9685860613117226,0.0002876334453239611,0.9691295896641611,0.0006440545032341205,-5.4542118649969495e-05,-0.0002724787333721057,-0.00024072582161016747,0.00017341335471778347,-0.0001499514514547616,0.00018744869155493978,-0.000106791985492448,0.00019820691191136107,0.0002638774480157579,0.0001634284484260706,0.019000000000000128,0.0,0.018600000000000172,0.0005477225575051054,0.018300000000000205,0.0004830458915395999,0.0,0.0,1.0,0.0,1.0,0.0,1.0,0.0,0.0,0.0,5505.666666666667,5.507570547284857,5518.0,17.334935823360393,5551.6,40.37656085733743,-1.0,-5.0,22760.333333333332,139.471621964208,21681.6,2484.9250089288407,21788.9,2261.2152312909566,212.0,-25.5,3.818030209051233,0.04248945598456534,3.8050977755561797,0.03877203972198088,3.8029679021498657,0.03564867659520602,-0.03617098823022591,-0.0423399177985897,0.8339999999999996,0.0036055512754640502,0.8329999999999996,0.004847679857416269,0.8289999999999997,0.0071956777149746465,-0.007000000000000117,-0.0024999999999999467,22.1480569462688,0.04816995027151851,22.6685834225057,1.1209268033395035,22.676591299085743,0.9885113625961243,-0.05670947748960842,0.019545985664018772,90.1,0.0,90.1,0.0,90.1,0.0,0.0,0.0,1.1506781630981828e-05
35,-53.0,53.0,-0.01241516366065437,22.259255089728775,106.0,-43.89,-43.89,3.359,4.2,3.765293119572479,0.2427396399127902,0.8410000000000002,3.378,3.378,3.35,4.195,3.7588693052772206,0.24372208934231854,0.8450000000000002,3.37,3.369,3.356,4.196,3.761692184368738,0.2431438058564467,0.8399999999999999,3.375,3.375,25.0,33.0,27.252471609886438,1.7571741210854923,8.0,27.0,27.0,25.0,33.0,27.10684702738811,1.627165802577497,8.0,27.0,27.0,25.0,33.0,27.194689378757516,1.7130501847811033,8.0,27.0,27.0,10.0,100.1,52.498086172344685,30.08252307237636,90.1,10.0,10.0,0.00642381429525726,0.018000000000000238,0.0028245702459662797,0.27609473744847063,0.006712022670259221,0.270966696359496,0.14562458249833,1.0,0.3527294479775073,0.15999256712812412,0.00181529525375013,0.0018002571795970963,0.00010135698541711178,0.9676296261562841,1871,2918.0,4133.0,5479.0,22578,90.1,0.00023513965467978698,91.0,29940,21526,8414,0.006386376248545481,0.00019283510671071305,0.006241151196874605,0.00038205031832120115,0.0062066849636223855,0.00036107201158847013,0.00024624697741136917,-6.696641863801521e-05,0.006672254833077116,3.5592280241243854e-05,0.0066310236328944085,6.527690964445331e-05,0.006567274575362114,9.056536165659371e-05,5.066845141672022e-05,3.4317530064798766e-05,0.26136656234689043,0.015948985999791068,0.2574074966054922,0.016971511528739023,0.25860943548877846,0.016622871109695177,0.03166727168915068,0.006258626807794987,0.2703809810271685,0.0007963035076659071,0.2695182123941542,0.0013515415993382012,0.2679954713495877,0.0020812130167497714,0.00026473064215792874,0.0007462076774122361,0.13720244988052446,0.01022529560664156,0.14934394222560612,0.019467162446688283,0.15001471565627963,0.018115367935675253,0.01979960889748522,0.0027333944779656255,0.15501006244916107,0.011220565724374243,0.17085735054658985,0.023129211101410294,0.17305944371998544,0.025659554296497286,0.017831463353250476,-0.0014419746581806614,0.0018061832494854768,1.0312031267966568e-05,0.0017941063469453927,1.9192710286901038e-05,0.0017668477471103603,3.4210340409292184e-05,7.029744381800967e-06,1.015313420607946e-05,0.9680600661319518,0.0003737681636670932,0.9683410571493777,0.00046728651527766653,0.968897648826464,0.0007282925951829669,-0.0006183889041765367,-0.0003364655114132531,-3.8788846659235466e-05,0.00027145063046014336,-0.00011945479610474337,0.00023983670260091974,-9.3069351894816e-05,0.00021774187001567975,0.00027895402800065473,0.0002714157380082063,0.01866666666666683,0.0005773502691895622,0.018600000000000172,0.0005477225575051054,0.018300000000000205,0.0004830458915395999,-0.0009999999999998899,-0.0004999999999999449,1.0,0.0,1.0,0.0,1.0,0.0,0.0,0.0,5494.666666666667,13.576941236277213,5506.6,20.91171920240004,5537.6,38.64424637352103,-23.0,-12.0,22664.666666666668,129.8819977261165,21620.0,2451.1930768505363,21751.0,2242.5606891329467,-236.0,-12.0,3.784452124938831,0.026750631178597793,3.805088083823167,0.03878559072945506,3.803709370316222,0.03458465526269275,-0.0160544167400265,-0.026112702485126205,0.8356666666666664,0.005131601439447004,0.8335999999999997,0.00559464029227969,0.8303999999999997,0.007876829593462758,0.010000000000000231,0.0015000000000000568,22.200111151882755,0.05854481400797491,22.675065776690943,1.1178229795002235,22.667499536025506,0.9922581567853569,0.11707064551383084,0.03018058401211121,90.1,0.0,90.1,0.0,90.1,0.0,0.0,0.0,1.124698741306715e-05
36,-53.0,53.0,-0.017079341685089372,24.630514137677423,106.0,-6.93,-6.93,3.364,4.2,3.8150067550970275,0.24178435338104967,0.8360000000000003,3.454,3.455,3.355,4.195,3.8084183247359373,0.2431630917346032,0.8400000000000003,3.448,3.448,3.36,4.196,3.8114111192991076,0.24227422451952169,0.8359999999999999,3.451,3.451,26.0,34.0,27.813927781871776,1.7253166389538697,8.0,28.0,28.0,26.0,33.0,27.606730533038565,1.598895435436531,7.0,27.0,27.0,26.0,33.0,27.713092606239254,1.6839359915105603,7.0,28.0,28.0,10.0,100.1,59.60630066322771,28.825084858251465,90.1,10.0,10.0,0.006588430361090679,0.019000000000000128,0.0030581410599932646,0.27067025712554516,0.006714798582618428,0.2722204930301211,0.2071972488332105,1.0,0.4052980988225323,0.22123274897426334,0.0018192024737316698,0.001810436634717775,9.519529260635845e-05,0.9678421420181018,1872,2916.0,4128.0,5469.0,17033,90.1,-0.00032948766546072,91.0,24426,21448,2978,0.006396603991397944,0.00020677865110591077,0.006270353108949951,0.00040610324704501357,0.006229878369311275,0.00037877928900620784,0.00016461606583341882,0.000205431521622394,0.006696058490573383,3.0086812387472736e-05,0.006654214029925591,7.130604418749898e-05,0.006596086272188981,8.661189030395587e-05,2.775912359206413e-06,2.6722181887963315e-05,0.2637308201111119,0.01693578647765098,0.2580048315103893,0.017468884069692454,0.2591136271782072,0.01693298850547472,-0.0054244803229254734,0.013121395683112602,0.27129638503565173,0.0008111733891749233,0.27022203316229787,0.0016929974083201627,0.26868665386488233,0.002232029251025803,0.0012537966706250847,0.0007592636563915067,0.15954893497746173,0.042435568667042935,0.15526641637062003,0.03118476302949586,0.15626351283494833,0.025396234976624982,0.06157266633488051,0.040686137616182866,0.17446213995908702,0.04147418078838266,0.17647875616612532,0.031716088459134914,0.17955043162189607,0.028953870857246204,0.06124018184613922,0.03953582259969485,0.0018142544122833762,5.542274856995649e-06,0.0018045755405586002,1.4253790443022335e-05,0.0017776388751534985,3.1663383693302226e-05,3.907219981539754e-06,5.46848218167036e-06,0.9679065944116155,0.00031419228583659737,0.9681630625882324,0.00045027953371343845,0.9686764012314859,0.0006716234877151556,0.000212515861817697,-0.00020293652117941985,-4.605412803393359e-05,0.0002823203234592643,-0.00016330509512228704,0.00025714837895066096,-0.00012078063854212965,0.00022931349621033292,-0.000564627320140507,-0.00014283664606992613,0.01866666666666683,0.0005773502691895622,0.01880000000000015,0.00044721359549990814,0.018400000000000194,0.0005163977794942702,0.0009999999999998899,0.0,1.0,0.0,1.0,0.0,1.0,0.0,0.0,0.0,5483.333333333333,16.921386861995774,5493.0,18.124568960392686,5525.4,39.166879432041426,-10.0,-16.5,20808.333333333332,3271.663236540907,21578.4,2544.0943968335764,21676.5,2396.316583147281,-5545.0,-2890.5,3.7836166349255365,0.02537392550257209,3.8054387861643093,0.0388451202289749,3.803759284965608,0.034596563664958786,0.049718934930369496,0.016832259095171498,0.8353333333333332,0.005033222956847298,0.8355999999999998,0.003646916505761742,0.8307999999999996,0.00806639117986931,-0.0040000000000000036,0.0030000000000001137,23.01065122387371,1.4040631320021704,22.66678801324252,1.0993395543785853,22.688792854811417,1.0353364222163701,2.371259047948648,1.2441648467312394,90.1,0.0,90.1,0.0,90.1,0.0,0.0,0.0,1.0398929520224847e-05
37,-53.0,53.0,-0.01333789101580728,22.15133716486446,106.0,-9.51,-5.98,3.36,4.2,3.8594929967318086,0.24012231335887502,0.8400000000000003,3.449,3.456,3.352,4.195,3.853755319148936,0.24195628142058087,0.8430000000000004,3.443,3.45,3.357,4.196,3.856377276062162,0.2409164697089835,0.8389999999999995,3.446,3.453,25.0,33.0,27.290635629960647,1.8380007792979736,8.0,27.0,27.0,25.0,33.0,27.093543653705062,1.7221510900870123,8.0,27.0,27.0,25.0,33.0,27.219402387780963,1.7968004023299344,8.0,27.0,27.0,10.0,100.1,64.76655105716002,28.5608538060356,90.1,10.0,10.0,0.005737677582871998,0.019000000000000128,0.003268221277960344,0.23769211904130863,0.006673500414631904,0.27040473869718756,0.19709197625558594,1.0,0.3978023744917235,0.24606099695936606,0.0018354474563348983,0.0018274853801169527,9.196375183909964e-05,0.9677710988598707,1907,2949.0,4158.0,5496.0,22546,90.1,-0.00046984707672267706,91.0,29986,21706,8280,0.0062499740797399795,0.0004512320775499269,0.006297047337919824,0.00035217478211656934,0.00624481313885508,0.0003527212361970708,-0.0008507527782186811,-0.00034306835619263114,0.006700107222503184,2.3083935781951693e-05,0.006681012699296336,3.147078732896165e-05,0.006617926248056151,7.368154893880773e-05,-4.1298167986523505e-05,-1.9261127813658546e-05,0.2614857045384415,0.02078358197713955,0.258492412641505,0.01669187398527941,0.25947460043804116,0.01636917794280687,-0.032978138084236525,-0.019201309203581,0.2711973093622682,0.0009295847014538284,0.27075363496176286,0.00099476286290749,0.26922609057159097,0.001866798686185503,-0.0018157543329335168,-0.00028097883115421607,0.18330460252904213,0.03302070661877463,0.163179314946074,0.03647311680256337,0.15776523449975738,0.027452808082726245,-0.010105272577624558,0.025733696878627976,0.20909543768725117,0.0442993159920356,0.18646478665622251,0.044666880071877746,0.18165935873244476,0.03310089850205182,0.02482824798510272,0.04303421491562097,0.0018233150612722328,1.0687041193124132e-05,0.0018146399357045998,1.4840756982012972e-05,0.0017883422051835692,3.126281986053287e-05,1.6244982603228495e-05,1.0076101292384124e-05,0.9677476223447522,0.00010818552563762877,0.9679586878547657,0.00029958742825021055,0.9684847148838924,0.0006225916211916592,-7.104315823114327e-05,7.073635179327686e-05,-0.00018806502916787,0.0003731646344516014,-0.00018314025643222068,0.00027995590857989705,-0.00017896852916245474,0.00023735803774669646,-0.00014035941126195705,-0.00035249336570123205,0.01866666666666683,0.0005773502691895622,0.01880000000000015,0.00044721359549990814,0.018500000000000183,0.0005270462766946764,0.0,0.0004999999999999449,1.0,0.0,1.0,0.0,1.0,0.0,0.0,0.0,5481.333333333333,13.650396819628444,5489.8,15.089731607952134,5517.9,36.55878067501813,27.0,8.5,20719.0,3192.2097362172162,21514.6,2507.499910269191,21640.6,2378.489913089114,5513.0,-16.0,3.8098268599100025,0.047362422400114665,3.8042289540355525,0.03665921586836447,3.804251700635885,0.03537705843676419,0.0449661567630546,0.04734254584671205,0.838333333333333,0.0020816659994660723,0.8363999999999997,0.003911521443121123,0.8329999999999996,0.0067823299831258925,0.0029999999999996696,-0.000500000000000167,23.013702130756883,1.4012395829830708,22.67643695163803,1.093350495964272,22.680271860043966,1.0398130119425135,-2.4791769728129616,-0.05395896243215681,90.1,0.0,90.1,0.0,90.1,0.0,0.0,0.0,1.0270476916104903e-05
38,-53.0,53.0,-0.013580447390223965,22.039587847239137,106.0,-16.8,-16.8,3.359,4.2,3.81004801988401,0.2205682854900409,0.8410000000000002,3.434,3.434,3.35,4.195,3.8033446230323116,0.2217775025151904,0.8450000000000002,3.427,3.427,3.356,4.196,3.8063768351284173,0.22098297459848468,0.8399999999999999,3.43,3.43,25.0,33.0,27.276685998342998,1.8087419916539518,8.0,27.0,27.0,25.0,33.0,27.149262634631317,1.6833284687903167,8.0,27.0,27.0,25.0,33.0,27.223728251864127,1.7649877597127646,8.0,27.0,27.0,10.0,100.1,60.335284175642094,26.387477097487846,90.1,10.0,10.0,0.006703396851698468,0.019000000000000128,0.0027766776462840605,0.27674450812596074,0.006720738088680807,0.27220681591527957,0.12742336371168186,1.0,0.33344662255311913,0.1495455797301019,0.0018478277387220603,0.0018440905280804525,9.260982107705812e-05,0.967657171766514,1920,2960.0,4167.0,5502.0,22740,90.1,-0.00019966356478887446,91.0,30175,21786,8389,0.006343168265220383,0.0005275116570263653,0.006326177281752859,0.0003837385454099802,0.006264019413924576,0.0003734653371658718,0.0009657192688264701,5.7483245303894485e-05,0.006703012361977047,2.5730054608326995e-05,0.006696482795006573,2.7053103985238606e-05,0.006639620459706429,6.806769701761879e-05,4.723767404890295e-05,2.969753031189723e-06,0.2617022947642715,0.0210140556530547,0.26112581750012104,0.018621771957625387,0.2599904213811869,0.016866948756367278,0.03905238908465211,0.0030371255002077935,0.2716106825475294,0.0010444003990329011,0.27130014194388447,0.0008572997641256671,0.26984533373050207,0.0017029217272329688,0.001802077218092002,-6.838557420757452e-06,0.1772375296001594,0.04343521009320214,0.1606324289799306,0.0388497665935311,0.15514320173126442,0.02909333923697936,-0.06966861254390408,-0.03988694256076432,0.20561310855457707,0.0501177245679106,0.18379859931334583,0.04677499138203353,0.17820686119788576,0.034588548002887534,-0.09651541722926416,-0.03584358462208072,0.0018341592229295428,1.4356047782122183e-05,0.0018252076863814175,1.6108040835044614e-05,0.0017988483114563518,3.189199185446947e-05,1.2380282387162034e-05,1.4312632495195265e-05,0.9677568042148289,9.33099735057467e-05,0.9678296107722462,0.00024918461115867077,0.9683156531132522,0.000590921500988895,-0.0001139270933566694,-9.248512579390633e-05,-0.0003329994356574238,0.00013512598539014122,-0.00016153460512267044,0.0002719959326679106,-0.00015557763822306276,0.00022039946577797053,0.0002701835119338026,6.491205033592277e-05,0.019000000000000128,0.0,0.01880000000000015,0.00044721359549990814,0.018600000000000172,0.0005163977794942702,0.0,0.0,1.0,0.0,1.0,0.0,1.0,0.0,0.0,0.0,5489.0,17.57839583124665,5489.6,14.876155417312264,5512.4,34.07573264883968,6.0,16.5,20773.0,3240.387168225425,21542.2,2523.171654882006,21619.1,2366.228572128134,194.0,2853.5,3.8247217434965624,0.027529812218510582,3.802720803193438,0.036314472241334404,3.8040154377759676,0.035351637319300765,-0.050000440933744894,-0.0025171420853451476,0.838333333333333,0.0020816659994660723,0.8369999999999997,0.004242640687118818,0.8337999999999998,0.007114929530377069,0.001000000000000334,0.0020000000000000018,22.940479716593675,1.4646788848868375,22.644575736744947,1.1128920634280521,22.6645161702767,1.0490991731286017,-0.1117493176253248,-1.2954631452191432,90.1,0.0,90.1,0.0,90.1,0.0,0.0,0.0,1.0476773769218365e-05
39,-53.0,53.0,-0.012512503776308349,22.251314046281564,106.0,-31.31,-22.48,3.358,4.2,3.782633379208486,0.22991814862224955,0.8420000000000001,3.401,3.419,3.349,4.195,3.7765149877479773,0.23075045754758391,0.8460000000000001,3.393,3.412,3.355,4.196,3.7794807827867474,0.2300096162682116,0.8409999999999997,3.398,3.415,25.0,34.0,27.320801584371118,1.8445613956285474,9.0,28.0,28.0,25.0,33.0,27.194085462052296,1.7011232199361639,8.0,27.0,27.0,25.0,33.0,27.2654828639522,1.7780517695962739,8.0,27.0,27.0,10.0,100.1,56.10835487227686,27.122320158178272,90.1,10.0,10.0,0.006118391460508236,0.019000000000000128,0.0030455100051154913,0.2372808977514734,0.006839951072638318,0.27502454529717524,0.12671612231882112,1.0,0.3326546958383463,0.14254798645088446,0.001855554855290063,0.001844262295081946,9.877940620093978e-05,0.9670238776318998,1860,2898.0,4102.0,5434.0,22303,90.1,-6.300179442946686e-05,90.0,29791,21256,8535,0.006186488631692901,0.00048644767970276053,0.006314342110285328,0.00039032382538509386,0.006276338018778064,0.0003655614062257306,-0.0005850053911902325,0.00019035693881811876,0.006744729858650343,8.577971297107705e-05,0.006732202165765736,6.304213735093522e-05,0.006667616111756205,8.67008947670081e-05,0.00011921298395751057,8.322532900320676e-05,0.2505725083062476,0.022666549288756006,0.2596965038985517,0.020412080512952284,0.25883506241031284,0.018068895008558787,-0.03946361037448734,-0.00020561064491761427,0.27254536663654744,0.0023284363204681144,0.2721646578598519,0.0017829945483282465,0.2705345598618418,0.0022419943527070374,0.002817729381895673,0.0023099032999938374,0.1504104874286963,0.04042890175256104,0.1608106587235259,0.03865169962577079,0.1540976946567198,0.029985137780772456,-0.0007072413928607413,-0.03518792696838241,0.17938485438011745,0.05784913629313366,0.18387597584854798,0.04668913515564573,0.17643133342539574,0.036035168700892725,-0.006997593279217451,-0.0517565052542408,0.0018462766834490072,1.0143037145285453e-05,0.001834665555565764,1.7496662320710324e-05,0.001809048103116231,3.2107213567427736e-05,7.72711656800277e-06,1.0053699477582403e-05,0.9674840494194282,0.00040257098899806925,0.9675847832865341,0.0003251204153884374,0.9680854222991282,0.0006018618651769137,-0.0006332941346142151,-0.00037361061398544226,-0.0002441708119803395,0.00020704212668073635,-0.00016537208934439026,0.0002700482271435137,-0.00015766177039957594,0.00021930362462890013,0.0001366617703594076,0.0002034226411466051,0.019000000000000128,0.0,0.01880000000000015,0.00044721359549990814,0.01870000000000016,0.0004830458915395999,0.0,0.0,1.0,0.0,1.0,0.0,1.0,0.0,0.0,0.0,5477.333333333333,37.6474877426544,5476.0,26.916537667390106,5497.0,30.749887081991456,-68.0,-31.0,22529.666666666668,218.9573778919595,21440.0,2468.5369148546274,21560.8,2338.5663604486863,-437.0,-121.5,3.814078297992442,0.03902245593499094,3.803067639529034,0.036023429452876295,3.8040827075426065,0.03529894201392052,-0.026896052341669918,-0.038448246637707406,0.8399999999999997,0.0010000000000001121,0.8391999999999997,0.0019235384061654628,0.8360999999999997,0.004771442828608326,0.0009999999999998899,0.001000000000000112,22.147413019461723,0.10591763322546806,22.66640165715827,1.1015887244942297,22.667492539831986,1.047744156947624,0.2117261990424275,0.04998844070855135,90.1,0.0,90.1,0.0,90.1,0.0,0.0,0.0,1.0550433127324548e-05
40,-53.0,53.0,-0.010733870695760575,22.263292030357267,106.0,-12.14,-12.14,3.367,4.2,3.7565701325419036,0.248868982857699,0.8330000000000002,3.443,3.443,3.358,4.195,3.7498866142794514,0.2500003668539487,0.8370000000000002,3.436,3.436,3.364,4.196,3.7528962935482784,0.24930506983281467,0.8319999999999999,3.44,3.439,25.0,33.0,27.340123435971805,1.741603048724646,8.0,26.0,26.0,25.0,33.0,27.137330950052274,1.6064184896678757,8.0,26.0,26.0,25.0,33.0,27.2282553708138,1.697496283034933,8.0,26.0,26.0,10.0,100.1,51.20152777309366,31.213873863729024,90.1,10.0,10.0,0.006683518262453173,0.019000000000000128,0.002835275840596223,0.2772362512716486,0.006798011536838162,0.27324697329254666,0.20279248591953053,1.0,0.40207921305895383,0.24958964498428926,0.0018607654886137845,0.0018470612632224943,0.00010288095044547211,0.9665678015299957,1863,2899.0,4101.0,5432.0,22350,90.1,-0.0002784493342277668,90.0,29651,21323,8328,0.006501768858219958,0.000332163305295385,0.00636628290372451,0.0004243313553652617,0.006303717050299558,0.00038632499842170367,0.0005651268019449375,-9.9392946226475e-06,0.00678623356605243,6.047292231148777e-05,0.006749399939081524,6.771648354359834e-05,0.006690211785987966,8.845511289236643e-05,-4.19395358001555e-05,3.863672407867754e-05,0.2637538857163609,0.02292759847153953,0.2599248066631873,0.02064638096048347,0.25866615163433976,0.017866987329705136,0.03995535352017518,0.0002458715728439198,0.27349277816833384,0.0014248560436477195,0.27262071324646203,0.0016891299978618222,0.2710694628203081,0.0021802924937348307,-0.0017775720046285803,0.0005200786886335462,0.1523106573166778,0.0437199761197649,0.172244239407766,0.041394560642449854,0.16079409081668605,0.03279732252894175,0.0760763636007094,0.03768456110392433,0.1805610703884252,0.05988279937492832,0.20179539141978103,0.05211008346143467,0.1863263709831854,0.04135831335321336,0.1070416585334048,0.05002203262709368,0.001854716027541969,6.509536623945126e-06,0.0018437596025384952,1.671094125439301e-05,0.001818932974741944,3.118774193056094e-05,5.210633323721441e-06,6.468874945862106e-06,0.9670829503094698,0.0005470823192029752,0.9673724183612764,0.0005544275968906782,0.967856737755327,0.0007030599266967908,-0.00045607610190412373,-0.0005446851182591694,-0.00018037156448203604,0.00010901168083358889,-0.00026808988712590106,0.00015110117160128952,-0.00019377234161532223,0.00020457104378626735,-0.00021544753979829993,-3.939288471944616e-05,0.019000000000000128,0.0,0.019000000000000128,0.0,0.01880000000000015,0.00042163702135574317,0.0,0.0,1.0,0.0,1.0,0.0,1.0,0.0,0.0,0.0,5456.0,39.849717690342246,5466.6,33.10286996621342,5486.6,33.553274388976064,-2.0,-35.0,22464.333333333332,239.8881683896108,21394.4,2444.2461619075934,21507.2,2310.795572476668,47.0,-195.0,3.7795846371544815,0.02674042204647324,3.8013084613649424,0.03866688507922297,3.8031982725940545,0.03656579164049952,-0.02658448923846901,-0.026740270790069465,0.8376666666666664,0.004932882862316195,0.8375999999999998,0.003646916505761362,0.8355999999999998,0.004926120853844044,-0.008999999999999897,-0.0040000000000000036,22.18473130795932,0.12584051878466831,22.667209045283972,1.1012171284768724,22.671137410987455,1.0461030239666413,0.011977984075702608,0.11185209155906506,90.1,0.0,90.1,0.0,90.1,0.0,0.0,0.0,1.0229292709886003e-05
41,-53.0,53.0,-0.016719161167562797,24.3130073897015,106.0,0.0,0.0,3.356,4.2,3.8152176025262134,0.24496135275798783,0.8440000000000003,3.462,3.464,3.345,4.195,3.808510384194972,0.24640661092928826,0.8500000000000001,3.451,3.452,3.353,4.196,3.8115912311242464,0.24542153341965842,0.8429999999999995,3.457,3.459,26.0,34.0,27.809845755232583,1.775367825051264,8.0,27.0,27.0,26.0,33.0,27.581960244524513,1.6187502193292338,7.0,27.0,27.0,26.0,33.0,27.702198291567143,1.7073602936141954,7.0,27.0,27.0,9.9,100.1,59.49352252945224,29.247043266639505,90.19999999999999,9.9,9.9,0.006707218331241679,0.019000000000000128,0.0031275374894971257,0.2715301050095184,0.00675958316118074,0.27377922521957676,0.2278855107080685,1.0,0.41946835961415646,0.24216131845934905,0.0018710277581263216,0.0018604651162790714,9.885449710274301e-05,0.9673290969150111,1853,2887.0,4086.0,5412.0,17309,90.19999999999999,-0.0004414515035823227,90.0,24701,21783,2918,0.006503042684734363,0.00033332843643940483,0.00639004049775471,0.00044280180474339236,0.006330196803352331,0.00040548815844818764,2.3700068788505904e-05,0.0002944134353667217,0.006799181923552407,4.019673683042878e-05,0.006758356854793987,6.489876929086708e-05,0.006706285442359789,8.452476869169743e-05,-3.842837565742191e-05,-4.01839557287887e-05,0.26201575134421345,0.021610177301029265,0.2600967762399819,0.020761518269705806,0.25905080387518564,0.01812227232469582,-0.005706146262130174,0.017124603629022503,0.27401691460309957,0.0009123117560289846,0.27293245968435315,0.0017398768032033103,0.27157724642332554,0.0021586949732623696,0.0005322519270301029,-0.0006226600387992387,0.1857980396488067,0.05268225213295266,0.1763818917827376,0.04648299681406082,0.1658241540766788,0.0389405415798475,0.025093024788537976,0.05058469419462369,0.21143298329817425,0.059771666379051375,0.20598110531679814,0.05483119410143116,0.19122993074146172,0.0450005579823017,-0.007428326524940215,0.049806666004232295,0.0018624493673433898,7.872691168027488e-06,0.0018541246594174256,1.3419667878162351e-05,0.001829350099988013,2.9194405972971032e-05,1.0262269512537102e-05,7.736451418129272e-06,0.9669735920256356,0.0003831307185081062,0.9672698093406582,0.0004894265060098795,0.9677164359644455,0.0006466935788049036,0.0007612953850154591,0.0001526096415556677,-0.0002609675440798521,0.00018982954282606296,-0.00029048265475022154,0.00016963463598545933,-0.00022689387493625432,0.00021603500829309522,-0.00016300216935455591,-0.00018922485457642792,0.019000000000000128,0.0,0.019000000000000128,0.0,0.01890000000000014,0.0003162277660168109,0.0,0.0,1.0,0.0,1.0,0.0,1.0,0.0,0.0,0.0,5426.0,12.16552506059543,5455.2,40.953632317537256,5474.1,35.893205794717716,-20.0,-11.0,20654.0,2896.9502929805317,21449.6,2321.1422403635665,21514.0,2296.904777206828,-5041.0,-2497.0,3.7813227691530904,0.029390791237937745,3.80134448372997,0.038678731802676586,3.8033916349471397,0.03660883153758834,0.058694937575968,0.016055224168749493,0.8386666666666663,0.005859465277082164,0.8389999999999997,0.004183300132669546,0.8372999999999997,0.004110960958220325,0.010999999999999677,0.0009999999999998899,22.942537822113447,1.1868765710002804,22.603707695688787,0.9597707869422222,22.635247854465653,0.9734690255480156,2.0497153593442334,1.030846671709968,90.13333333333333,0.05773502691895929,90.11999999999999,0.044721359549994046,90.10999999999999,0.031622776601680995,0.09999999999999432,0.04999999999999716,9.599061743946533e-06
42,-53.0,53.0,-0.012608754208754316,22.15020892991409,106.0,-51.59,-53.0,3.355,4.2,3.851712626262626,0.2331393839147732,0.8450000000000002,3.359,3.356,3.345,4.195,3.84567026936027,0.23487191910077782,0.8500000000000001,3.35,3.347,3.352,4.196,3.8484560942760937,0.23382703583008105,0.8439999999999999,3.356,3.353,25.0,34.0,27.34148148148148,1.9008477181607322,9.0,28.0,28.0,25.0,33.0,27.16084175084175,1.7426387645883736,8.0,27.0,27.0,25.0,33.0,27.255050505050505,1.821338099364507,8.0,27.0,27.0,10.0,100.1,64.10767003367003,27.87333242298995,90.1,10.0,10.0,0.006042356902356933,0.019000000000000128,0.003215527955754192,0.24705872202317838,0.006824290132133822,0.2741846483003816,0.18063973063973063,1.0,0.3847194021025404,0.21820822790741262,0.0018838418296152064,0.001874999999999992,8.921797940532077e-05,0.9667472876657855,1854,2885.0,4082.0,5405.0,22415,90.1,-0.0006808645506636493,90.0,29700,21342,8358,0.006477697832017262,0.0003772024881854366,0.006450976361651697,0.00033949755720259474,0.0063740118497857615,0.00033605191974673355,-0.0006648614288847464,-0.00032058068004812024,0.006793961610050908,3.254304000432513e-05,0.0067885147982943705,4.859648872296796e-05,0.0067347637487953525,6.855644058217133e-05,6.470697095308214e-05,1.3139297647830114e-05,0.26527502610144843,0.016031697570600707,0.26197009683635586,0.018538056173312546,0.2602312547389304,0.016731037205343035,-0.024471382986340023,-0.015088764624235099,0.27373694893750167,0.00047026489141592265,0.27368844160499195,0.001052347943979338,0.2722210382833774,0.001823326705574537,0.00040542308080482314,0.00046883750391746304,0.20377257575577654,0.023638133717190465,0.17309144265956652,0.045215490395888305,0.16813537880282028,0.03907903810606538,-0.04724578006833788,-0.01107637763989995,0.23665306378368364,0.016399816664133805,0.20041055150640746,0.05102398663949366,0.193437669081315,0.04580213537587835,-0.023953090551936423,-0.01569070853843832,0.0018718783587851043,1.1561661628592411e-05,0.001863803534073487,1.401979993063316e-05,0.0018392217348890433,2.9268602713149034e-05,1.2814071488884788e-05,1.1538170500710945e-05,0.9668813953702641,0.00039797151043375207,0.9670650471018412,0.0004388203121875481,0.9675118674783034,0.00058932617476997,-0.0005818092492255733,8.974306789494291e-05,-0.00046692179615791295,0.00020241307630115997,-0.00033268614953841605,0.00023792036106092343,-0.00025791320298531835,0.00025730128712096484,-0.00023941304708132664,-0.00020120760821794128,0.019000000000000128,0.0,0.019000000000000128,0.0,0.01890000000000014,0.0003162277660168109,0.0,0.0,1.0,0.0,1.0,0.0,1.0,0.0,0.0,0.0,5416.333333333333,14.011899704654834,5437.0,38.43175770115166,5463.4,39.14133932869714,-7.0,-13.5,20691.333333333332,2929.366882678461,21423.4,2306.3649537746614,21469.0,2271.7661753700686,5106.0,32.5,3.8043145396495395,0.04819368794664332,3.799760247372757,0.03592535235612662,3.8019946007041545,0.03429939997543954,0.03686486315184734,0.04777990036390767,0.8396666666666665,0.006658328118479292,0.8399999999999999,0.004743416490251773,0.8381999999999998,0.004516635916255883,0.001000000000000334,0.006000000000000005,22.90883611665762,1.2173617662522194,22.603482048698716,0.9599038536083758,22.63995950016837,0.9707173124062699,-2.1627984597874104,-0.056541550221588466,90.13333333333333,0.05773502691895929,90.11999999999999,0.044721359549994046,90.10999999999999,0.031622776601680995,-0.09999999999999432,0.0,9.623029946555675e-06
43,-53.0,53.0,-0.011971620104127348,22.267302604095047,106.0,-8.01,-35.95,3.358,4.2,3.7970556368462245,0.2194544041012196,0.8420000000000001,3.45,3.394,3.349,4.195,3.790260761561235,0.22069132746911968,0.8460000000000001,3.444,3.386,3.355,4.196,3.7933289549800935,0.21986989744754437,0.8409999999999997,3.447,3.391,25.0,34.0,27.379079184673493,1.8841733359555124,9.0,28.0,28.0,25.0,33.0,27.225746078197844,1.7283671150871764,8.0,27.0,27.0,25.0,33.0,27.302582774696294,1.8040368857707358,8.0,28.0,28.0,10.0,100.1,59.18948514649335,25.84731949808331,90.1,10.0,10.0,0.0067948752849900035,0.019000000000000128,0.00285646170495467,0.28003612601891475,0.006902779099647857,0.27597753796156205,0.1533331064756525,1.0,0.36030829151461213,0.1751213476729799,0.0018924963814623448,0.0018904320987654466,9.632575721994518e-05,0.9663183634634387,1851,2881.0,4075.0,5395.0,22203,90.1,-4.392992939972602e-05,89.0,29387,21014,8373,0.006514816839529538,0.00041150301282003455,0.006469272048310005,0.0003584379549909634,0.006397724665031431,0.0003581003018686918,0.0007525183826330708,4.3828476874162216e-05,0.006828884130987474,7.170842222135669e-05,0.00682492300048778,5.310681954275007e-05,0.006760702897747176,7.849347802266808e-05,7.848896751403486e-05,7.15979692335585e-05,0.2662083176838705,0.017120699717858262,0.2626284204149467,0.019239083518580016,0.26187711895753385,0.01786770967324361,0.03297740399573637,0.004253010504698174,0.2746471371605068,0.0011698575499597978,0.2744425860142485,0.0010759673875137769,0.2728713639790664,0.0018932060302476498,0.0017928896611804634,0.0010991563709926433,0.18728611594115052,0.03771798075705536,0.17827339121236066,0.03983816557934736,0.16945291009614566,0.0382441630631574,-0.02730662416407814,-0.03727620211620801,0.21183029801324718,0.03397201661751135,0.20552570509498302,0.045648831709857625,0.19466215220416444,0.04505185954378081,-0.04308688023443272,-0.03351998539318457,0.0018824553230679577,1.0801261374961217e-05,0.001872737262621544,1.5453277044835314e-05,0.0018489724745014806,2.913711369025215e-05,8.654551847138382e-06,1.0734311668011585e-05,0.9667982493480785,0.000507290200312982,0.9667972854412261,0.00039328627245994546,0.9673134481067361,0.0006263924242860022,-0.0004289242023468587,-0.000505366725786216,-0.0003887486612152327,0.00032172133926168484,-0.00030153942246058634,0.0002679827169830506,-0.0002315370137916284,0.00026503447745373614,0.0006369346212639234,0.00019876078709129833,0.019000000000000128,0.0,0.019000000000000128,0.0,0.01890000000000014,0.0003162277660168109,0.0,0.0,1.0,0.0,1.0,0.0,1.0,0.0,0.0,0.0,5404.0,8.544003745315734,5415.6,17.008821240757165,5452.6,41.809621433878704,-10.0,-8.5,20642.333333333332,2888.6968226751183,21316.0,2241.3134542049215,21429.1,2253.0828485038483,-212.0,2447.0,3.817792093460144,0.028081816038526067,3.797150671343092,0.03579824234751598,3.7999357372682647,0.03412165509765317,-0.055127139296000216,-0.009131138072076439,0.8426666666666663,0.0015275252316517853,0.8401999999999997,0.00476445169982783,0.8385999999999998,0.004575295983141008,-0.0030000000000001137,-0.0009999999999998899,22.910172974570212,1.2163001394971817,22.64902500006989,0.9314411923365244,22.646800368407423,0.9674993682656571,0.11709367418095695,-1.0228523928032267,90.13333333333333,0.05773502691895929,90.11999999999999,0.044721359549994046,90.10999999999999,0.031622776601680995,0.0,-0.04999999999999716,9.580069789573397e-06
44,-53.0,53.0,-0.013481336747069628,22.160089729749984,106.0,-12.36,-12.36,3.356,4.2,3.7786080380002693,0.23569076618154552,0.8440000000000003,3.443,3.443,3.347,4.195,3.772369390917666,0.23648278119573113,0.8480000000000003,3.436,3.436,3.353,4.196,3.775072261150789,0.23595675511483577,0.8429999999999995,3.439,3.439,25.0,34.0,27.388761622422855,1.8655243056821766,9.0,27.0,27.0,25.0,33.0,27.209304675919686,1.7140103539205807,8.0,27.0,27.0,25.0,33.0,27.289111979517585,1.7878940646345955,8.0,27.0,27.0,10.0,100.1,54.7431781431074,28.347871669838057,90.1,10.0,10.0,0.006238647082603438,0.019000000000000128,0.0030264266591530985,0.27302622509054786,0.006906864599092288,0.27697579073011813,0.17945694650316668,1.0,0.38373447962741924,0.21629160363086233,0.0019014492379081777,0.0018862690707350796,0.00010096786429063983,0.9664775185136996,1852,2879.0,4071.0,5389.0,22252,90.1,0.00012936462436515423,89.0,29684,21152,8532,0.006358626423316791,0.0003903424915361916,0.006493323172729046,0.00033207283662411877,0.006403832641507188,0.00035443002470807666,-0.0005562282023865656,9.814509012325261e-05,0.006877977943624655,4.6539860909128745e-05,0.006838305705778575,6.495081938009807e-05,0.006785253935772155,8.22709501098598e-05,4.085499444431151e-06,4.1287233479233004e-05,0.266707024377547,0.017373155062132353,0.2697774858827616,0.013140025590925836,0.2647369948906566,0.017033687889345187,-0.007009900928366897,0.012983751533684737,0.2757126589973539,0.0014142982942180657,0.274832835100837,0.0015770067417085305,0.2734987464803445,0.002120325021320872,0.000998252768556085,0.0013955712148682742,0.17114326120618326,0.015435379918308734,0.18882155604922976,0.027996641169731582,0.17481610738637782,0.03507545695507808,0.026123840027514195,-0.0005913920682819734,0.20320705973708494,0.024341811328765624,0.22027442853097864,0.029143398294518615,0.2020752021897633,0.04140446891758889,0.04117025595788243,-0.0009583121382751442,0.0018925958163285763,8.804125292631858e-06,0.0018819161391451671,1.630259655448733e-05,0.0018582908473554656,2.9569457795014144e-05,8.952856445832878e-06,8.80370414648563e-06,0.9665143898809746,0.00021682623489439076,0.966688013617586,0.0003904809784994255,0.9671363984520601,0.0005814927451671173,0.00015915505026087295,-0.00013488457604299287,-0.00019847661856607372,0.00042665130770475036,-0.00026306613870166214,0.00031962324546823287,-0.0002142191140230262,0.0002836665832956313,0.00017329455376488025,0.00040511458751440175,0.019000000000000128,0.0,0.019000000000000128,0.0,0.01890000000000014,0.0003162277660168109,0.0,0.0,1.0,0.0,1.0,0.0,1.0,0.0,0.0,0.0,5396.333333333333,8.08290376865276,5406.6,16.742162345409156,5441.3,42.242816614844564,-6.0,-8.0,22290.0,110.99099062534012,21305.8,2235.8080642130253,21372.9,2221.487812255559,49.0,-81.5,3.805619103468992,0.03820448342079673,3.7962689670159,0.036391622810438555,3.7996683032724676,0.03432476525961196,-0.018256693829304282,-0.03669191656265225,0.8426666666666663,0.0015275252316517853,0.8405999999999997,0.004929503017545658,0.8398999999999998,0.003604010112208662,0.0019999999999997797,-0.000500000000000167,22.192533754586375,0.06493991987968381,22.630780136763576,0.9420124866130218,22.648590896960926,0.9664777518424945,-0.10721287434506266,0.004940399917947147,90.1,0.0,90.11999999999999,0.044721359549994046,90.11,0.031622776601680995,0.0,0.0,9.728641027122489e-06
45,-53.0,53.0,-0.017807307836647558,22.293730482313713,106.0,-36.83,-24.99,3.362,4.2,3.8832500085292208,0.2648615513078074,0.8380000000000001,3.39,3.414,3.353,4.195,3.8769102725939066,0.2663646386180315,0.8420000000000001,3.382,3.406,3.359,4.196,3.87966950974037,0.2652902750019408,0.8369999999999997,3.387,3.41,25.0,34.0,27.493603084166352,1.9229162020965078,9.0,28.0,28.0,25.0,33.0,27.22500085292211,1.7640792747080545,8.0,27.0,27.0,25.0,34.0,27.375524547098358,1.8508546040076999,9.0,28.0,28.0,10.0,100.2,66.76856470267136,30.514082863957338,90.2,10.0,10.0,0.006339735935314349,0.019000000000000128,0.0029726954446570872,0.2758341068085871,0.006890486777993285,0.2761650223248511,0.26860223124424276,1.0,0.4432325265759014,0.34046075973319456,0.0019037439880529282,0.001893783449979408,9.588325698831564e-05,0.9670649247176805,1845,2871.0,4060.0,5374.0,16750,90.2,-0.00046567470580101926,89.0,29311,21139,8172,0.00645775276763593,0.0002962995660070438,0.006424566707301281,0.0003181458332845441,0.006395424805512896,0.0003549002967858601,0.00010108885271091148,-0.00022756967483782706,0.006900043492244477,8.52472386028469e-06,0.006856800754009598,6.376391211752072e-05,0.006803100346545561,8.395949562218969e-05,-1.6377821099003605e-05,-6.146160827286227e-06,0.2762988193060166,0.00352798044712971,0.26949705699014925,0.012954703433641133,0.2647109318266683,0.017014567262205623,0.0028078817180392512,-0.0021010096051638227,0.27637278367217705,0.000530566424271049,0.2754164449072979,0.0013697229781439752,0.27401857907688,0.0020671368697536925,-0.0008107684052670594,9.374218164451276e-05,0.20046409474102064,0.06043771991930693,0.2019835051141722,0.04593155887931914,0.1871138722609691,0.044100807273228224,0.08914528474107608,0.05763456238429514,0.24395790367901227,0.08607176316231732,0.2384486514807597,0.06190963384162105,0.22012202145027038,0.05730203402031631,0.12416915610233223,0.08266970603010733,0.0018992298691411502,5.94317775245032e-06,0.0018905118390329957,1.3442221774179055e-05,0.0018671357207857453,2.8488252117576798e-05,2.294750144750477e-06,5.6238032952916775e-06,0.9666202688982729,0.0003932196343149946,0.9667874382551231,0.0004147548423176865,0.9670799283081998,0.0005550926318246371,0.0005874062039809003,0.0003732806271208866,-0.00012674667027853036,0.0003060423345527417,-0.00030051121301631265,0.00033258044026216306,-0.00028430055007110685,0.00024412954419694114,-0.0005950393301661735,-0.00021087238820064662,0.019000000000000128,0.0,0.019000000000000128,0.0,0.019000000000000128,0.0,0.0,0.0,1.0,0.0,1.0,0.0,1.0,0.0,0.0,0.0,5386.0,10.81665382639038,5395.0,14.71393896956349,5430.8,44.8027776916649,-15.0,-10.5,20401.666666666668,3162.5310011655743,20185.8,2889.1309593024675,20790.1,2602.0814937276637,-5502.0,-2726.5,3.816023575290418,0.05586976325705965,3.8216236102543184,0.04230122012832211,3.81146603580963,0.039679057014853705,0.10459724858958097,0.043170277380138344,0.840333333333333,0.0030550504633037145,0.8415999999999997,0.0027928480087522777,0.8395999999999997,0.003717824931628085,-0.005999999999999783,-0.0020000000000000018,22.240374272052915,0.07077297497189057,22.636867827154866,0.9391378707466986,22.652038436219417,0.9649949850807975,0.13364075256372843,0.013213939109332884,90.13333333333333,0.05773502691896955,90.13999999999999,0.05477225575052096,90.11999999999999,0.04216370213557587,0.10000000000000853,0.05000000000000426,9.34153033996162e-06
46,-53.0,53.0,-0.006755390272439111,24.648622340151725,106.0,-46.46,-46.46,3.363,4.2,3.8125864532843052,0.241555112539124,0.8370000000000002,3.371,3.37,3.354,4.195,3.8057856008691298,0.24300203550138483,0.8410000000000002,3.362,3.361,3.36,4.196,3.8088949105799763,0.2420495503393739,0.8359999999999999,3.368,3.367,25.0,34.0,27.89353167307371,1.8704569866974758,9.0,28.0,28.0,25.0,33.0,27.588835032592346,1.7332341585988045,8.0,28.0,28.0,25.0,34.0,27.763747283971252,1.812567635992709,9.0,28.0,28.0,10.0,100.1,59.32356677252214,28.81613020864211,90.1,10.0,10.0,0.006800852415176351,0.020000000000000018,0.0031650965986528188,0.2753293037704255,0.006888419353307066,0.2752857041622354,0.30469664048136386,1.0,0.46027882610514936,0.3205925644556289,0.0019163029718093653,0.0019076561740061972,9.50963250409142e-05,0.9649596614327994,1844,2867.0,4054.0,5365.0,16784,90.1,-0.0006308821909830439,88.0,23932,21061,2871,0.006459745144364713,0.0002997004616046247,0.006443293524088215,0.00034088583501126486,0.006416667010921463,0.00037360051082756566,0.0004611164798620018,0.00028110266628645665,0.00689525691013088,1.010556250211407e-05,0.006882567992434864,3.351144781972997e-05,0.006820462423614425,8.158872903292212e-05,-2.067424686219045e-06,-9.222622892611325e-06,0.27472987855652015,0.0014968409654747287,0.2702568967423307,0.0132126114018613,0.2651768364911563,0.017257929208966502,-0.0005048030381615831,0.001151539339938834,0.27614217240573485,0.0008452749498455234,0.27571774069582966,0.001047290936541212,0.2743251001900914,0.0019969541853810955,-0.000879318162615661,-0.0008450432839413602,0.25091860607625777,0.0644653254567868,0.2173457310688313,0.06545593318428101,0.19686381142578444,0.05771162317939698,0.036094409237121095,0.06261984698909859,0.29244830927322857,0.06669759483384959,0.25413490068001565,0.07217125037478143,0.2300580029984069,0.0655384254792555,-0.01986819527756567,0.05215048041238328,0.0019071653992568237,7.99611741231165e-06,0.0018995668817696043,1.2230672827019178e-05,0.001876845770593515,2.6835292487093146e-05,1.2558983756437176e-05,7.426866950593827e-06,0.966167368221393,0.0010863601049079723,0.9663135511586807,0.0008081793464980903,0.9667916802496694,0.0008066971702254234,-0.0021052632848810315,-0.0007589285404500656,-0.0003223974241396363,0.0003998625884500521,-0.0003383973504964569,0.00036212671038323655,-0.0003144400026233392,0.0002677864409410251,-0.0001652074851820246,-0.000380123407674099,0.019333333333333425,0.0005773502691895622,0.019200000000000106,0.00044721359549990814,0.019100000000000117,0.0003162277660168109,0.0009999999999998899,0.0004999999999999449,1.0,0.0,1.0,0.0,1.0,0.0,0.0,0.0,5376.0,12.124355652980725,5385.6,16.08726204175345,5420.4,46.968547395510555,-9.0,-12.0,18595.333333333332,3166.811856320696,20080.8,3026.113464495341,20765.2,2642.9001242322147,34.0,-2734.0,3.8212122271570457,0.05337539994109982,3.821084346145464,0.04247790611857432,3.811214414937717,0.03968742122131635,-0.07077459916039386,0.016911324714593556,0.8386666666666663,0.003785938897199944,0.8401999999999997,0.003563705936240053,0.8395999999999997,0.003717824931628085,-0.0009999999999998899,-0.0034999999999998366,23.03414751740514,1.3997720091673573,22.70399081724491,1.0889334999804432,22.65384925646685,0.9691282614667412,2.3548918578380125,1.2442663052008704,90.13333333333333,0.05773502691896955,90.11999999999999,0.04472135954999941,90.11999999999999,0.04216370213557587,-0.10000000000000853,0.0,8.827830592190475e-06
47,-53.0,53.0,-0.011614703097524725,22.08543875998584,106.0,-11.55,-0.67,3.369,4.2,3.8226349249289866,0.22001974127282542,0.831,3.445,3.467,3.359,4.195,3.815990937373191,0.22126662919372259,0.8360000000000003,3.438,3.461,3.366,4.196,3.8190856553496553,0.22043766918574406,0.8299999999999996,3.442,3.464,25.0,34.0,27.423948329500877,1.9027836666755282,9.0,28.0,28.0,25.0,33.0,27.222676856485865,1.7433830080808095,8.0,27.0,27.0,25.0,34.0,27.33846205870418,1.8344079493114815,9.0,28.0,28.0,10.0,100.1,61.51463208440417,26.452671342194158,90.1,10.0,10.0,0.006643987555795999,0.020000000000000018,0.0028423088798149136,0.2661368311049358,0.006894776399849686,0.2764497612522317,0.2012714730150142,1.0,0.40095045475143265,0.24285982713265689,0.0019273783791198254,0.0019230769230769553,9.305392526769768e-05,0.9659595031186516,1868,2890.0,4074.0,5383.0,22309,90.1,0.0003050607688542134,88.0,29572,21288,8284,0.0065948586354289,0.00023445114653677303,0.006563619654776029,0.00026074347601217013,0.0065072980082138635,0.0002914912396687326,-0.00015686485938035209,0.00015212581024082487,0.0068912275103833465,3.242610607010701e-06,0.006896665245978037,7.923729597455204e-06,0.006842590022136203,6.577648614240348e-05,6.35704654262069e-06,2.1448109282008222e-06,0.2724334138946495,0.00545883894684782,0.2740725185586822,0.00510678914670031,0.26802130769751903,0.014318313126736754,-0.009192472665489726,-0.0048486378518256545,0.2759668292464394,0.0006068093600461414,0.2761707632861997,0.0006218134141630344,0.2749296024455958,0.0015413253601088259,0.0011640570899962843,0.00014236946369031167,0.25819011491354027,0.0524928608595841,0.22147207954388798,0.06317403402880767,0.19728176110172724,0.05772859069452675,-0.10342516746634967,-0.033665379114614286,0.3013043837738268,0.05158014101021852,0.2590652205250645,0.0699099755413235,0.22973788601573597,0.06545934536906871,-0.077732737322972,-0.04880046630026884,0.001915808446327373,1.1824953567141648e-05,0.0019082741916705281,1.365167867201284e-05,0.0018860388628720078,2.682409975794966e-05,1.107540731046003e-05,1.1817195533448603e-05,0.9659946964230439,0.0010530727900662647,0.9661559942492539,0.0007787357033899651,0.9666105206755476,0.0007646286659017595,0.0009998416858522097,-0.0005527107995144109,-0.00026383204264328325,0.0004995524512202766,-0.0001412122865928843,0.00039588124435447925,-0.0002369492180656502,0.0003240315197004168,0.0009359429598372572,0.00038536773732761635,0.01966666666666672,0.0005773502691895622,0.019400000000000084,0.0005477225575051054,0.019200000000000106,0.00042163702135574317,0.0,0.0004999999999999449,1.0,0.0,1.0,0.0,1.0,0.0,0.0,0.0,5374.0,8.999999999998092,5381.2,11.924764148612908,5409.1,39.80633673731278,18.0,4.5,18614.333333333332,3199.720352364145,20059.6,3005.976929385852,20741.5,2626.166248862904,5525.0,2779.5,3.8358833585566674,0.03826072524602272,3.815210258360177,0.039685474879034566,3.807485252866466,0.03660453604545024,0.010190744769678961,-0.03029192719535745,0.834333333333333,0.0037859388972001666,0.8373999999999997,0.005029910535983167,0.8386999999999997,0.004808557187164858,-0.006000000000000227,-0.0035000000000000586,23.00926386081709,1.4235408417823339,22.691036783259264,1.0975196926866355,22.647259415978986,0.9731406267503491,-2.5631835801658838,-0.10414586116393565,90.13333333333333,0.05773502691896955,90.12,0.04472135954999941,90.11999999999999,0.04216370213557587,0.0,-0.05000000000000426,8.824267076384399e-06
48,-53.0,53.0,-0.011901535984974699,21.961300423661314,106.0,-10.25,-6.08,3.363,4.2,3.783899356093635,0.23029285212210782,0.8370000000000002,3.447,3.455,3.354,4.195,3.777589710912872,0.23116394721443972,0.8410000000000002,3.44,3.449,3.361,4.196,3.780502045744181,0.23049988897757331,0.8349999999999995,3.443,3.452,25.0,34.0,27.363907706754308,1.8848236293680547,9.0,27.0,27.0,25.0,33.0,27.188912737272787,1.724919007246294,8.0,27.0,27.0,25.0,33.0,27.272218123281238,1.7979035261808562,8.0,27.0,27.0,10.0,100.1,56.53796029244081,27.061789931604054,90.1,10.0,10.0,0.006309645180763324,0.019000000000000128,0.0030052051231793594,0.25694569797615985,0.006936982220981105,0.2786474607329539,0.17499496948152124,1.0,0.3799628009919954,0.20585497533277483,0.0019402578345808518,0.0019316493313521386,9.846676057214063e-05,0.9660041288902457,1845,2865.0,4047.0,5354.0,22522,90.1,-8.445137358282856e-06,88.0,29818,21486,8332,0.006584828383911892,0.0002508903993747722,0.0064665736339306916,0.00024283886492200833,0.00646792284112035,0.00028863897695897257,-0.00033434237503267555,-0.0002456036172065138,0.006906725991379286,2.6394745357403844e-05,0.006903505870244686,2.0032788921223892e-05,0.006864214435366232,5.609986750202613e-05,4.2205821131418957e-05,2.4281433837019823e-05,0.2661372776171737,0.009191802905266675,0.2694544329501312,0.007991354350829058,0.26604142668253894,0.01434690223554998,-0.009191133128775952,-0.00919180289713284,0.27679430871580696,0.0017071574403620857,0.27670474784047805,0.0012467562295584273,0.27557366692736324,0.0016207634682420672,0.0021976994807221817,0.001680878285359233,0.22698769432596644,0.06856838844484571,0.22580445214506173,0.057851510674031714,0.2020389216787112,0.053107345463327266,-0.02627650353349295,-0.06485083549992131,0.25643578897368685,0.058561153031365616,0.26521194605702353,0.0615334542158659,0.23536882557600328,0.059987818853581225,-0.037004851799882055,-0.05736879456142703,0.0019279797285033475,1.1988747991805723e-05,0.0019178264822942298,1.6303804466342916e-05,0.001895281872457887,2.8089273501809645e-05,1.2879455461026462e-05,1.1977431385743246e-05,0.965641097813899,0.0005905628848756626,0.9660931473346153,0.0007750270697032056,0.9664452163879208,0.0006880641432026913,4.462577159403125e-05,0.0005222337287231205,-0.00011142218649570444,0.0004763932309594874,-0.00013411532818459566,0.0003983714545898666,-0.00021782737532259096,0.00033201995892064387,-0.0003135059062124962,0.0003112185268123805,0.01966666666666672,0.0005773502691895622,0.019400000000000084,0.0005477225575051054,0.019200000000000106,0.00042163702135574317,-0.0009999999999998899,-0.0004999999999999449,1.0,0.0,1.0,0.0,1.0,0.0,0.0,0.0,5367.333333333333,14.640127503997224,5373.0,13.9821314541111,5394.3,26.824739824769452,-29.0,-5.5,20538.333333333332,3253.091811390102,20123.4,3065.6356274025775,20719.7,2608.5791811720865,213.0,2869.0,3.8028275372246045,0.019994586695452184,3.8126448765129943,0.04181121359986624,3.804897773928043,0.03759276368912629,-0.038583609605474134,-0.014196432417897586,0.8336666666666663,0.0032145502536642407,0.8361999999999996,0.004658325879540334,0.8381999999999998,0.004917090377224117,0.004999999999999893,-0.000500000000000167,22.898453841266292,1.516960748504894,22.629836347172517,1.134948780384067,22.639430673621202,0.97887045031541,-0.12413833632452764,-1.3436609582452057,90.1,0.0,90.11999999999999,0.04472135954999941,90.12,0.04216370213557587,0.0,0.0,9.23425725656726e-06
49,-53.0,53.0,-0.012489992536806873,22.1086468029743,106.0,-48.46,-48.46,3.352,4.2,3.7637090711717205,0.24685113455466168,0.8480000000000003,3.361,3.36,3.343,4.195,3.7568147771219214,0.24805358137867745,0.8520000000000003,3.352,3.351,3.349,4.196,3.7598874754053875,0.24731748280479415,0.8469999999999995,3.357,3.357,25.0,34.0,27.429438903589116,1.842579484299821,9.0,27.0,27.0,25.0,33.0,27.17945586539114,1.6870322169620664,8.0,26.0,26.0,25.0,33.0,27.31759278105706,1.774336431885827,8.0,26.0,26.0,10.0,100.1,52.10905081755886,30.670268108696874,90.1,10.0,10.0,0.0068942940497998895,0.019000000000000128,0.002910034788734623,0.2877182394383623,0.006964382006527605,0.2780943770137923,0.24998303819797815,1.0,0.43300290854829876,0.2999858095643536,0.0019416331054620854,0.0019271948608137093,0.00010278295263516448,0.9656008682216728,1836,2854.0,4035.0,5340.0,22148,90.1,-0.0006510065636437514,88.0,29478,21141,8337,0.006615975595453071,0.0002933292986698103,0.006597703027369983,0.000265001183723318,0.006545513100049515,0.0002885268849269022,0.0005846488690365659,0.00012515324700194518,0.006932046875786132,3.5064274474217404e-05,0.006915009351731749,3.4052250312931886e-05,0.006876657528755162,6.343963185961464e-05,2.7399785546499376e-05,3.4802803338959167e-05,0.2702669228398193,0.015796536655693114,0.27239283581969415,0.01154431514499664,0.2710851608512278,0.01174178709197866,0.03077254146220243,0.010790704166713239,0.2777305329996593,0.0011431349884665114,0.2769284650972129,0.0013986567055811157,0.27588065009902496,0.001787360750695535,-0.0005530837191615734,0.0008223078807803041,0.2087498268981712,0.03804926996746866,0.23990967048402406,0.052031038744710406,0.2143656132666269,0.04771344118777988,0.07498806871645691,0.02435578259148198,0.2495668706765951,0.0474224821483274,0.28195078724372175,0.05603691107143197,0.2511126078873502,0.05319547320598644,0.09413083423157878,0.028562991215848363,0.0019364231063875876,7.86308851599571e-06,0.0019258632558050112,1.6115587880719888e-05,0.0019038896974750892,2.7749514441046153e-05,1.3752708812335337e-06,7.127363171129998e-06,0.96585483341019,0.00022106922583672487,0.9659178172762101,0.0007654348780134605,0.9663029154468982,0.0007020976347785954,-0.0004032606685728801,-0.00017931744848942444,-0.0001181303107159403,0.0004873800508928509,-0.0002901895657863768,0.0004215324094930816,-0.0002766278522440195,0.0003529610563864276,-0.0006425614262854686,-0.0004780336662489824,0.019333333333333425,0.0005773502691895622,0.019400000000000084,0.0005477225575051054,0.019200000000000106,0.00042163702135574317,0.0,-0.0004999999999999449,1.0,0.0,1.0,0.0,1.0,0.0,0.0,0.0,5359.0,21.93171219946047,5363.2,16.843396332095306,5384.9,27.818658806234357,-14.0,-21.5,22326.333333333332,187.60152806770313,20102.6,3047.8841513417133,20704.2,2598.5672890182286,-374.0,-80.5,3.7864917254997414,0.030050180113587437,3.809607919363914,0.045602183976265025,3.8029384431899067,0.03952559887955369,-0.02061457033879366,-0.029599089972133896,0.8373333333333329,0.008736894948053998,0.8369999999999997,0.006204836822994974,0.8387999999999998,0.005613475849340006,0.01200000000000001,0.008499999999999952,22.05179532887382,0.07922530666964894,22.61954776181738,1.1404913763198423,22.625163949290478,0.9861681078912553,0.14734637931298522,0.011604021494228789,90.1,0.0,90.12,0.04472135954999941,90.11999999999999,0.04216370213557587,0.0,0.0,9.114038518335373e-06
50,-53.0,53.0,-0.013128615745786188,24.53647257197572,106.0,0.0,0.0,3.353,4.2,3.8160353819065986,0.24318807350187924,0.847,3.463,3.464,3.342,4.195,3.809111763226293,0.24467402526290274,0.8530000000000002,3.451,3.453,3.349,4.196,3.812296889410581,0.24365974670679916,0.8469999999999995,3.458,3.459,26.0,34.0,28.02267963444286,1.823253402245686,8.0,28.0,28.0,26.0,33.0,27.689444118386852,1.6774012461035341,7.0,27.0,27.0,26.0,34.0,27.87943321874738,1.7804031130957527,8.0,28.0,28.0,9.9,100.1,59.689972331684416,28.903551579848692,90.19999999999999,9.9,9.9,0.0069236186803052,0.019000000000000128,0.003236317356322454,0.27736769719700594,0.006986068702290075,0.27859456961479684,0.3332355160560074,1.0,0.4713699257429283,0.3469942748091603,0.00194403637755021,0.00193587416817907,9.446792443444135e-05,0.9652988468905008,1832,2848.0,4026.0,5326.0,16578,90.19999999999999,-3.054670865265551e-05,87.0,23854,20960,2894,0.006709185970289471,0.0003463229928259871,0.006714479576368153,0.0002511934960165054,0.006569523141834717,0.0003104447443830928,2.932463050531013e-05,0.000306986749770938,0.006962477643266261,2.4598589622286235e-05,0.006934125736591107,4.2600225451445224e-05,0.006895463245300352,6.537952883505962e-05,2.1686695762470135e-05,2.4543240654484755e-05,0.27401054487050935,0.015658549767402392,0.2726995538973779,0.011678199438232952,0.27109830544376357,0.011749509203900638,-0.010350542241356342,0.010210999610423044,0.2784454691205143,0.00030520258541873516,0.27741437455520207,0.0014863951115277453,0.27641540973124995,0.0017101446674566182,0.0005001926010045343,-2.644555907851953e-05,0.2527378412451689,0.07915623380328057,0.25283632744637696,0.06685782317546939,0.2274099162802746,0.060354260027555125,0.08325247785802922,0.07912027328724307,0.2842783532354296,0.07186875957197934,0.28325749025891495,0.057791094988365675,0.26085307086983733,0.06120097472993583,0.047008465244806674,0.07056964973819273,0.001941975772531049,1.912436216707763e-06,0.0019339217337044675,1.1780850019864878e-05,0.0019122167863687319,2.5796154756817202e-05,2.4032720881245976e-06,1.8892714846790656e-06,0.9656346146674731,0.00035384995654902,0.965564601710774,0.00044357211580957047,0.9661760199829486,0.0007610982007068652,-0.0003020213311719644,-0.00035264099987242226,-0.00022999946988489664,0.00036477026963539387,-0.00020316396635670404,0.00042116219949275667,-0.00025183758968650837,0.0003614232062565249,0.0006204598549910959,-1.1050785647186326e-05,0.019000000000000128,0.0,0.019400000000000084,0.0005477225575051054,0.019200000000000106,0.00042163702135574317,0.0,0.0,1.0,0.0,1.0,0.0,1.0,0.0,0.0,0.0,5340.0,13.999999999998684,5353.6,22.029525641739184,5374.3,28.07153560300898,-14.0,-14.0,20416.0,3329.061729676998,20068.2,3095.7774790834046,20127.0,2823.6744776187556,-5570.0,-2972.0,3.7842288035200498,0.02640271220408778,3.7961333952979563,0.02504509359851519,3.8088785027761376,0.03541967029948256,0.05240941400519361,0.015897421833199976,0.8429999999999995,0.006928203230275417,0.8389999999999997,0.007648529270388699,0.8402999999999995,0.005598610938836357,0.0,0.006000000000000005,22.868806599537113,1.4461189735275537,23.06809617974978,1.3933186758481357,22.852482003452323,1.1430058919433863,2.427825769001423,1.287586074157204,90.13333333333333,0.05773502691895929,90.11999999999998,0.044721359549992255,90.13,0.04830458915395816,0.09999999999999432,0.04999999999999716,8.428910174103423e-06
51,-53.0,53.0,-0.011705062861026273,22.054876973340985,106.0,-7.4,-7.4,3.353,4.2,3.8515165477404008,0.23419974843978292,0.847,3.452,3.452,3.344,4.195,3.845416139993204,0.23582546260290838,0.8510000000000004,3.445,3.446,3.35,4.196,3.8482370370370367,0.23488918291630995,0.8459999999999996,3.448,3.449,25.0,34.0,27.448963642541624,1.9483549731233558,9.0,28.0,28.0,25.0,33.0,27.208868501529054,1.7760926517923061,8.0,27.0,27.0,25.0,34.0,27.347910295616717,1.8845973898656876,9.0,28.0,28.0,10.0,100.1,64.03941896024465,28.009031976157154,90.1,10.0,10.0,0.006100407747196766,0.019000000000000128,0.0032267479997659465,0.24802754594620174,0.006990173739675308,0.27769128316333574,0.2400951410125722,1.0,0.42714103557809247,0.291085160922814,0.0019621348996871576,0.001952085181898868,9.176645412734341e-05,0.9653895981004181,2024,3038.0,4214.0,5512.0,21999,90.1,-0.00019514594770858476,87.0,29430,21066,8364,0.006639440159100618,0.0004670459712926876,0.006574390642772236,0.00036190195056184693,0.006508842083430226,0.0003385706612027426,-0.0008232109331084338,-0.00039694315130156185,0.006980208149497662,1.3858677208654587e-05,0.006954476613864756,3.949883220374879e-05,0.00691852230314981,5.1272500872625574e-05,4.1050373852328376e-06,1.2895866573851486e-05,0.27103782752719,0.020588545966138544,0.2672392023325331,0.015797440966547078,0.2687480495374319,0.013821461425662963,-0.02934015125080419,-0.019845346746080267,0.27812674326397496,0.00045251219205770857,0.2778954903554221,0.0008979922576996261,0.27680661552562585,0.0014708016541349822,-0.0009032864514610939,-0.00020154692522827977,0.2744378984221859,0.051159676574887215,0.23991602755261865,0.06024543363604458,0.22863087931072495,0.06048830149568457,-0.09314037504343517,-0.004943948592702974,0.31268841509877593,0.030041211600257335,0.27735600955235196,0.05443452472906296,0.2657454551161838,0.06149550769112733,-0.055909113886346284,-0.004450324320769805,0.0019492681275664846,1.1207555388505987e-05,0.001943088119280026,1.2455947878561058e-05,0.0019213275005248152,2.5721165662883768e-05,1.809852213694764e-05,1.0250897112536119e-05,0.9654297710708639,0.00015496651829426415,0.9656505890442979,0.0003219974005267685,0.9659820701014894,0.0006770968780972103,9.075120991730579e-05,-0.0001056350606273293,-0.00029223307333499723,0.0003214219040228778,-0.00011601671770181226,0.00034952059572049976,-0.00022720703409913456,0.0003554081330634083,-0.00016459923905592927,0.00022793030796758334,0.019000000000000128,0.0,0.019200000000000106,0.00044721359549990814,0.019200000000000106,0.00042163702135574317,0.0,0.0,1.0,0.0,1.0,0.0,1.0,0.0,0.0,0.0,5392.666666666667,103.58249530366253,5383.0,75.13321502504765,5384.3,51.24245201870021,186.0,86.0,20241.666666666668,3173.7029371592635,21111.2,2541.560878672789,20596.0,2689.9377935806106,5421.0,-74.5,3.806807133951002,0.044429880951681114,3.804001820589368,0.034465197956714815,3.8125430833674168,0.03756242391316699,0.03594014762645559,0.0441747808158246,0.8466666666666662,0.0005773502691883803,0.8409999999999996,0.007968688725254112,0.8405999999999997,0.00583476172987882,-0.0009999999999998899,-0.0004999999999999449,22.89999878276367,1.4174828555323877,22.549347106387632,1.1122494033285835,22.62666896181627,1.040901655276008,-2.481595598634737,-0.026884914816657002,90.13333333333333,0.05773502691895929,90.11999999999999,0.044721359549992255,90.12,0.04216370213557587,-0.09999999999999432,0.0,8.40578113894774e-06
52,-53.0,53.0,-0.010364336593844989,22.098089460245838,106.0,-53.0,-53.0,3.351,4.2,3.7943721754541433,0.22215881934411957,0.8490000000000002,3.351,3.351,3.34,4.195,3.7874252752121613,0.2234303922016074,0.8550000000000004,3.342,3.34,3.347,4.196,3.790590163934427,0.22257298964309147,0.8489999999999998,3.348,3.347,25.0,34.0,27.43999863671995,1.9192983079818962,9.0,27.0,28.0,25.0,33.0,27.24409529327562,1.7520337767036553,8.0,27.0,27.0,25.0,34.0,27.352578303397976,1.857060889078895,9.0,27.0,27.0,10.0,100.1,58.712906853890466,26.170237340455266,90.1,10.0,10.0,0.006946900241982244,0.020000000000000018,0.0029366095694704063,0.2820372498829533,0.007061966321614276,0.2793265384494594,0.19590334344432705,1.0,0.39689447397470917,0.23164623384057625,0.0019713585449909455,0.0019691391774182025,9.738352371115982e-05,0.9648894637919966,1829,2841.0,4015.0,5310.0,22141,90.1,0.0003348346864655128,87.0,29341,20963,8378,0.006656975556494737,0.00048214240898160495,0.0066349731800094845,0.0003998313830205578,0.006599296417392755,0.00032044023440543925,0.0008464924947854781,1.164078083852214e-05,0.007012736254526554,4.2683866531617834e-05,0.006987914598217675,4.6475958065818145e-05,0.0069422899220978555,5.7452696857555084e-05,7.179258193896858e-05,3.794880966210071e-05,0.2691441643420536,0.01843596647666546,0.2704192860881366,0.017069262505187227,0.27224590232340945,0.01203292400111249,0.03400970393675157,0.002334776342973688,0.2785374637425307,0.0008191219525709982,0.27847084579486764,0.0006180932329942462,0.27732080454053365,0.001345804737922963,0.0016352552861236824,0.0003659844173312943,0.25641133350430223,0.07010488579001792,0.23884240163848122,0.06114736400689944,0.23015724059118461,0.05932411447673192,-0.04419179756824515,-0.06866608630584016,0.2899085565241835,0.05768302122163563,0.2751132908939358,0.056406378161294374,0.26708925570950015,0.06047973776054997,-0.05943892708223775,-0.057674020484292016,0.0019591766074094374,1.3899238407741862e-05,0.0019518841524542503,1.4019384670689822e-05,0.0019300791720623892,2.6428556960921958e-05,9.22364530378788e-06,1.366108372036776e-05,0.965192636260972,0.00026644718986985986,0.9654365811789667,0.00040915040511506465,0.9657962877141104,0.0006983489507557474,-0.0005001343084215515,-0.00020469154925212285,3.638067670142418e-05,0.0002712550908879768,-0.00011006193417955235,0.0003586230712923305,-0.00012563711038621832,0.00035648838670781504,0.0005299806341740976,0.00018269069755908415,0.019333333333333425,0.0005773502691895622,0.019200000000000106,0.00044721359549990814,0.019300000000000095,0.0004830458915395999,0.0009999999999998899,0.0004999999999999449,1.0,0.0,1.0,0.0,1.0,0.0,0.0,0.0,5382.666666666667,112.29128787814875,5368.4,81.91947265455289,5374.8,55.59936050791212,-202.0,-8.0,20239.333333333332,3171.6024866513994,21077.6,2522.808217047027,20568.6,2670.6770760322997,142.0,2781.5,3.8170413634606817,0.029114824748503625,3.7983027223063224,0.03369477458648979,3.8067564903332496,0.035832575095491634,-0.05764687310260985,-0.010853362738077132,0.8473333333333329,0.001527525231651589,0.8447999999999997,0.005585696017506697,0.8410999999999997,0.006349978127697502,0.0030000000000001137,0.001000000000000112,22.89647966852085,1.4204398516983732,22.55187724643963,1.1109439052125825,22.621457014849447,1.0436792178088785,0.04321248690485291,-1.219191555864942,90.13333333333333,0.05773502691895929,90.12,0.044721359549992255,90.11999999999999,0.04216370213557587,0.0,-0.04999999999999716,8.635702473429474e-06
53,-53.0,53.0,-0.013043418756628686,22.164150435765052,106.0,-53.0,-53.0,3.35,4.2,3.7703903582304035,0.23546296712889245,0.8500000000000001,3.352,3.351,3.339,4.195,3.7637280596708527,0.2364411396446255,0.8560000000000003,3.342,3.341,3.347,4.196,3.7667542683135458,0.23575025053213255,0.8489999999999998,3.349,3.348,25.0,34.0,27.496698258459645,1.895609665453739,9.0,27.0,27.0,25.0,33.0,27.247784582748828,1.734109374246846,8.0,27.0,27.0,25.0,34.0,27.403154617305916,1.8322639729147803,9.0,27.0,27.0,10.0,100.1,53.51954699421767,28.623859538661936,90.1,10.0,10.0,0.006662298559551084,0.020000000000000018,0.0030364562583795303,0.2734687822563615,0.0071025,0.28043853493530985,0.24891367571081535,1.0,0.4323836927486355,0.3038942307692308,0.0019803555794532086,0.0019626168224299184,0.00010342671932710256,0.9650798536459867,1828,2838.0,4010.0,5303.0,22034,90.1,-0.0006703890832530686,87.0,29227,20800,8427,0.006569868849576698,0.0004307491432336186,0.006705503855767037,0.000356894952175015,0.006586038744848864,0.00031412984082761084,-0.00028460168243115997,0.0002809454061771591,0.007051546687096529,5.6883422692863496e-05,0.007021018154021452,5.851610660519723e-05,0.006962262012133069,7.440477251183803e-05,4.0533678385724047e-05,5.616313016234631e-05,0.26784452602850556,0.01768867389189494,0.2737239029441769,0.015318275664436384,0.2715891679471541,0.01173606118784602,-0.008568467626591802,0.012720618155079882,0.27915211884936836,0.001381906191579237,0.27882906063533885,0.0010871034145935295,0.27776690423790845,0.001571501116975344,0.0011119964858504194,0.001373625885987051,0.2283040533892382,0.028404157129841304,0.25362614288434004,0.04971956717995685,0.23971529751470086,0.05292599317317156,0.0530103322664883,0.004409267349121573,0.2755418751775403,0.0385504677516384,0.294721141981227,0.04134007466590036,0.27996654401912524,0.05180996542355054,0.07224799692865452,0.006404534923208388,0.001971283008043771,9.110574743509432e-06,0.0019599037014287213,1.688236983862976e-05,0.0019388650918614758,2.7140672084963025e-05,8.997034462263076e-06,9.110339883025478e-06,0.9651196385128005,0.00025242961066682557,0.9652517261301151,0.00027563717038966333,0.9656724367323652,0.0007052616017663291,0.00019038985399011388,-0.0001548722272157188,-0.00017690011483204686,0.0005028602088203318,-0.0002424507233585095,0.00042733143230514397,-0.00018828302577155262,0.00039364243082195627,-0.0010052237697185814,-0.0002376215677722419,0.01966666666666672,0.0005773502691895622,0.019400000000000084,0.0005477225575051054,0.019400000000000084,0.0005163977794942702,0.0,0.0004999999999999449,1.0,0.0,1.0,0.0,1.0,0.0,0.0,0.0,5375.0,118.69709347747286,5358.2,87.16765455144493,5365.6,59.36927750201266,-7.0,-104.5,22058.0,73.97972695279118,20980.0,2461.657266964676,20551.7,2659.6976039475676,-107.0,17.5,3.8018604897616703,0.04189421896754458,3.795553166820196,0.035993026839046705,3.8040990216665955,0.03786675264878374,-0.023835895620881065,-0.04074138436174546,0.8479999999999998,0.001732050807568557,0.8475999999999996,0.001341640786495356,0.8418999999999996,0.006822348894952507,0.0,0.0015000000000000568,22.10570562311729,0.05503341575979862,22.592447248860378,1.0874404481104685,22.611141798016444,1.0480689497467515,0.06606097551921408,0.054636731212033496,90.1,0.0,90.11999999999999,0.044721359549992255,90.11999999999999,0.04216370213557587,0.0,0.0,8.872532594137879e-06
54,-53.0,53.0,-0.012974294142435932,24.52583807492556,106.0,-18.25,-18.25,3.353,4.2,3.8128649388959124,0.24349835863640762,0.847,3.428,3.428,3.344,4.195,3.805968815844922,0.2448345230040135,0.8510000000000004,3.42,3.42,3.35,4.196,3.809090054782975,0.2439625789554439,0.8459999999999996,3.424,3.424,26.0,34.0,28.099873577749683,1.805517829361469,8.0,28.0,28.0,26.0,33.0,27.72566371681416,1.6701952213408495,7.0,27.0,27.0,26.0,34.0,27.962326169405817,1.7652629762396008,8.0,27.0,27.0,10.0,100.1,59.26022334597556,29.02347876512819,90.1,10.0,10.0,0.006896123050990334,0.020000000000000018,0.0032090195219857823,0.28114983583230096,0.007077972145920687,0.2804145517813191,0.37420986093552466,1.0,0.4839182171753198,0.39246301383065874,0.0019766427375460076,0.0019668100799016615,9.673199158452118e-05,0.9647317985670867,1825,2834.0,4003.0,5293.0,16525,90.1,9.748790071815983e-05,86.0,23730,20751,2979,0.0068351072841745545,0.00015179500077652688,0.006705869656005126,0.0003571376830885987,0.006651786341687555,0.00030190908438402277,0.00023382449143925007,-2.538859549595495e-05,0.007080812822511655,2.04156031872781e-05,0.007043736181900069,5.2801749416494415e-05,0.006979372766815909,7.973345455970466e-05,-2.452785407931323e-05,8.002912153205408e-06,0.2788852893238719,0.004711771167365645,0.2724102222229647,0.014046997165645971,0.2724015290213294,0.012121414117503584,0.007681053575939456,-0.00044370702532617323,0.28005987505536273,0.0006352013311435602,0.2792930955888442,0.0011858072457111065,0.2781107803430285,0.0017457316524434616,-2.398315399076978e-05,0.0005440066659298248,0.27300896003022235,0.09156276857863382,0.27847150743184934,0.07302198571671344,0.2591905889579367,0.06313591664499905,0.1252961852247093,0.0891532587455988,0.30933449281348857,0.08054630047325118,0.31321658283448806,0.06052139543090611,0.2975836850391048,0.05740283942273961,0.08856878306142796,0.08040838999504124,0.0019761189539967204,4.5213293602329154e-06,0.0019669056278455057,1.4502615547742939e-05,0.0019463844418252587,2.6015685180385957e-05,-3.712841907200972e-06,2.642096277531052e-06,0.96490037200169,0.0001742837521742399,0.9650779121991977,0.00027444100303919785,0.9654978647377039,0.0006998757836197388,-0.0003480550789000114,-7.883261245494877e-05,-7.935549868979865e-05,0.0005254273477250978,-9.275183048612725e-05,0.00037651036274441956,-0.00019147069813625205,0.0003909038884899597,0.0007678769839712284,-0.00011867339287367648,0.020000000000000018,0.0,0.019600000000000062,0.0005477225575051054,0.019500000000000073,0.0005270462766946764,0.0,0.0,1.0,0.0,1.0,0.0,1.0,0.0,0.0,0.0,5302.0,8.544003745313379,5348.8,92.02010649852586,5356.0,62.826038480163376,-10.0,-8.5,20233.333333333332,3211.9564650432826,19855.4,3016.546087829589,19979.0,2861.805218932818,-5509.0,-2808.0,3.7888114956769825,0.021223865095070314,3.805393682695713,0.03003755546097405,3.8075008010298133,0.03647168637395916,0.04233578646942915,0.009249945424274042,0.8479999999999998,0.001732050807568557,0.8473999999999997,0.0015165750888063503,0.8421999999999997,0.0069410213785719805,-0.0030000000000001137,-0.0015000000000000568,22.929359323645485,1.3829856527051327,23.075885503250632,1.3290486633848948,22.847716632534002,1.1920558363162825,2.3616876391605075,1.2138743073398608,90.1,0.0,90.12,0.044721359549992255,90.11999999999999,0.04216370213557587,0.0,0.0,8.438741186104604e-06
55,-53.0,53.0,-0.010775841407881284,22.073034803201352,106.0,-25.26,-25.97,3.353,4.2,3.876828226110179,0.25697501078586954,0.847,3.414,3.412,3.343,4.195,3.8705778066901764,0.2587812065057315,0.8520000000000003,3.406,3.404,3.349,4.196,3.873369363508748,0.25766436573739054,0.8469999999999995,3.411,3.408,25.0,34.0,27.50183175266203,1.991178305246735,9.0,28.0,28.0,25.0,33.0,27.224090115383298,1.8126584019723953,8.0,27.0,27.0,25.0,34.0,27.39199506967508,1.9323924898956126,9.0,28.0,28.0,10.0,100.1,66.24513301605779,29.91825215630314,90.1,10.0,10.0,0.006250419420002056,0.020000000000000018,0.0032295691935754402,0.26305641663835755,0.0070619214350808234,0.2788977020292563,0.2777416372787346,1.0,0.4478852757129469,0.3427022878795146,0.0019919629999314444,0.0019817073170731556,9.377077528138012e-05,0.9646382261987576,1824,2831.0,3997.0,5285.0,22006,90.1,-0.000297457688710966,86.0,29207,20849,8358,0.006602947010181157,0.00032691780247841887,0.0065712298039444965,0.00038064751733219305,0.006642854690156325,0.00031327376434061416,-0.0006457036309882782,-0.00020593956977451406,0.007080797860333836,2.0436327438992098e-05,0.0070589067284582184,4.185252913529716e-05,0.006996516232524663,7.687753135307275e-05,-1.6050710839863626e-05,-2.028928245958843e-05,0.2725583449090067,0.009081003614938953,0.269547966111235,0.014241024261244092,0.27112376000430644,0.01238986916103592,-0.018093419193943416,-0.00520618280900198,0.27991692958196174,0.0008827584046972383,0.27935372207173603,0.0011483221427728274,0.278384048313469,0.0016163995882259525,-0.0015168497520627877,-0.0007704164530267787,0.3002883913083582,0.06562050438636069,0.2673727316763948,0.06654765875962848,0.26010452956138586,0.06335307170001686,-0.09646822365679009,0.014413980783959612,0.3463531774931347,0.044397117918550395,0.31235818544855887,0.0599502863131654,0.2978078378537369,0.05759293562701792,-0.049760725951144114,0.019404028555141922,0.0019829871056435537,7.991952668625743e-06,0.0019764909523217527,1.1031551240783849e-05,0.00195520634301311,2.488256894135419e-05,1.532026238543682e-05,5.8037102391179235e-06,0.964816626137277,0.00023271331728270128,0.9649457880608491,0.0002993739960680067,0.9652551948858115,0.0004833735476488214,-9.357236832907567e-05,-0.00022081372361454354,-0.00029011962374862494,0.00038399108196184874,-0.00014613402649778936,0.00038432633593401156,-0.00017464899642724672,0.00038129433923544265,-0.00039494558942912585,0.00018646569727105128,0.020000000000000018,0.0,0.01980000000000004,0.00044721359549990814,0.019600000000000062,0.0005163977794942702,0.0,0.0,1.0,0.0,1.0,0.0,1.0,0.0,0.0,0.0,5293.666666666667,9.018499505641964,5340.6,96.28759006227152,5347.1,66.20582384587442,-8.0,-9.0,20188.333333333332,3172.570619124709,20941.0,2469.2759060096946,20504.6,2679.740791776529,5481.0,-14.0,3.816404562201756,0.05368259629484214,3.8176081775153463,0.043116378711684424,3.8068707864066518,0.03511573085999131,0.06427930872577292,0.053307547597601035,0.8473333333333329,0.001527525231651589,0.8473999999999997,0.0015165750888063503,0.8431999999999995,0.006828046735504866,0.0009999999999998899,-0.001000000000000112,22.921007771297322,1.3905702938747857,22.58319794949576,1.086757932075757,22.825647064622768,1.2054199211084449,-2.452803271724207,-0.04555781628184974,90.1,0.0,90.1,0.0,90.10999999999999,0.031622776601680995,0.0,0.0,8.082147437377553e-06
56,-53.0,53.0,-0.01090741247264809,22.02331456448738,106.0,-17.12,-6.31,3.352,4.2,3.8131954321663017,0.21986113945183786,0.8480000000000003,3.43,3.454,3.343,4.195,3.806259402352298,0.22105859305394743,0.8520000000000003,3.423,3.447,3.349,4.196,3.8095186679431072,0.22027199559824653,0.8469999999999995,3.427,3.45,25.0,34.0,27.482768052516413,1.9408945795579615,9.0,28.0,28.0,25.0,33.0,27.257521881838073,1.769819245261996,8.0,27.0,27.0,25.0,34.0,27.39305251641138,1.8849160500779838,9.0,27.0,27.0,10.0,100.1,60.630713211159744,26.3204019579631,90.1,10.0,10.0,0.006936029814004414,0.020000000000000018,0.0028972967090233727,0.27266249868410825,0.007098409352242239,0.2803146480244393,0.225246170678337,1.0,0.41774433960627466,0.2668167880413952,0.0020046213986707117,0.0019990066664594655,9.306784150273919e-05,0.9645118450191784,1827,2832.0,3997.0,5282.0,22008,90.1,0.00029741701183849943,86.0,29248,20872,8376,0.006694190761665601,0.0003848348869254976,0.006738354217306027,0.0002963624977611969,0.006656372430039132,0.00032359527912256467,0.0006856103940023582,1.9953381507040006e-05,0.00707943431108125,1.82878503362851e-05,0.007080553850971605,1.936350144812727e-05,0.0070175152324181795,7.26323206495124e-05,3.648791716141537e-05,1.0218603160775871e-05,0.27228958371825557,0.009052472243026103,0.2744749566588163,0.007688022142032395,0.2708570794956747,0.012317781428431174,0.009606082045750697,-0.00424366857409636,0.27987563394500486,0.0008483857106521717,0.27987839504395684,0.0007172590009632756,0.27888694269968944,0.0012958557784528723,0.0014169459951829944,-4.995187843989668e-05,0.29239922296419874,0.07555579969370212,0.2644029376095477,0.06837551709247698,0.25215948258108317,0.06210914797263044,-0.05249546660039758,-0.07448184512859383,0.3339940299171895,0.06327415610915262,0.3075045108722751,0.06300760636023238,0.29243026021231355,0.057739485908203984,-0.07588549983811943,-0.06282311289463177,0.001991075712049388,1.4010418602670093e-05,0.0019849882521184637,1.333215789436089e-05,0.0019640381856992446,2.5211639984544282e-05,1.2658398739267326e-05,1.3989330562352072e-05,0.964627289928341,0.00011038384086140115,0.9647702374446012,0.00022121724387703164,0.9652104132444496,0.0005320844677558092,-0.0001263811795791936,-0.00010997677395413463,3.248240794856441e-05,0.0003027181245087867,-4.7621434588372515e-05,0.0004291382735595606,-8.181907614509239e-05,0.0003707338077001089,0.0005948747005494655,9.99645555601698e-05,0.020000000000000018,0.0,0.020000000000000018,0.0,0.019600000000000062,0.0005163977794942702,0.0,0.0,1.0,0.0,1.0,0.0,1.0,0.0,0.0,0.0,5286.666666666667,5.686240703071542,5294.6,11.844830095871755,5338.8,68.86185849623423,-3.0,-5.5,20179.666666666668,3165.0343336737023,20942.8,2470.2430447225224,21027.0,2364.4925694768167,2.0,2741.5,3.830659362078277,0.03698856707083068,3.8098645036965606,0.03957138853167365,3.8069331621429647,0.03512027947737345,-0.0638506955656406,0.0002143065800661592,0.8466666666666662,0.0005773502691883802,0.8475999999999996,0.0013416407864953559,0.8442999999999996,0.006412661087430095,0.0,0.0004999999999999449,22.87406248087143,1.4306956298839753,22.576885467725038,1.0906784958858273,22.563116287056335,1.0386213709492804,-0.049720238713973686,-1.2512617552190903,90.1,0.0,90.1,0.0,90.10999999999999,0.031622776601680995,0.0,0.0,8.183956029360687e-06
57,-53.0,53.0,-0.011721824532281641,22.161240665163312,106.0,-46.12,-46.12,3.35,4.2,3.779031503959608,0.23059191155498532,0.8500000000000001,3.364,3.364,3.34,4.195,3.772567624580696,0.23144049815924256,0.8550000000000004,3.355,3.355,3.347,4.197,3.77554670263167,0.2307667748182116,0.8500000000000001,3.361,3.36,25.0,34.0,27.517238994363176,1.9458436685500409,9.0,28.0,28.0,25.0,33.0,27.268077601410933,1.7763558586981996,8.0,27.0,27.0,25.0,34.0,27.416779057301934,1.8905174027558342,9.0,27.0,27.0,10.0,100.1,55.44613894940692,27.285887937057623,90.1,10.0,10.0,0.00646387937891207,0.019999999999999574,0.0031729085533644097,0.261450786839252,0.0071811960003883134,0.2833801438026025,0.24916139295224263,1.0,0.43252744793173614,0.2996311037763324,0.0020106163658394445,0.0019947157536159017,0.00010380499144294042,0.964395027569767,1818,2822.0,3984.0,5267.0,21713,90.1,-0.0006987473474598417,86.0,28917,20602,8315,0.006550109537639514,0.00035084488495150796,0.006641750044691991,0.0002900457213905881,0.0066383616123507376,0.00032932277920299076,-0.00047215043509234427,0.00010672997945500697,0.007113842262570458,6.111658140989746e-05,0.007104399786726413,4.593469136943418e-05,0.007046157192472043,7.527877083964398e-05,8.278664814607463e-05,5.9637282653745e-05,0.2657232340539059,0.0060629660207628866,0.2703576640500761,0.008125622535790694,0.27038847506910635,0.0126031360711418,-0.011211711844856254,-0.0008028148995527784,0.280864164618766,0.002291189086138362,0.2806891161145854,0.0016377726714835743,0.2795799809547265,0.0016519067198874958,0.0030654957781632297,0.002241220886673112,0.25071640030310477,0.026282257119476248,0.27505454751113084,0.05846723797546286,0.256948474574806,0.05954267464753676,0.023915222273905634,-0.014290122163245975,0.30305005989908074,0.03805810317326958,0.32110148485942636,0.04812213023658691,0.29810738787668106,0.05505246045934194,0.032814315734937205,-0.021535592051591113,0.002002400254813867,9.522978785501067e-06,0.0019928398162881635,1.4779899639711245e-05,0.0019723619843712067,2.5502440667101656e-05,5.99496716873274e-06,9.326682954000033e-06,0.9645150329292344,0.00012163065143968206,0.9646713502001554,0.0002614490240197976,0.965053965689561,0.0005171486689297329,-0.00011681744941138827,-0.00012159931449529093,-0.00023292934144410277,0.000501207330737304,-0.0002543378413734434,0.00044740153582804854,-0.00018219988777649787,0.00038975111853439565,-0.0009961643592983412,-0.00020064482937443785,0.01999999999999987,0.0,0.019999999999999928,0.0,0.019600000000000017,0.0005163977794942319,-4.440892098500626e-16,-2.220446049250313e-16,1.0,0.0,1.0,0.0,1.0,0.0,0.0,0.0,5278.0,9.643650760989619,5286.0,13.379088160262308,5327.2,70.3432852358886,-15.0,-9.0,21909.0,169.7439247808273,20857.2,2425.3500159770747,20967.4,2335.926568480547,-295.0,-146.5,3.8194782446945084,0.04966601576599609,3.8068558114360087,0.04190623256858216,3.8025792668711658,0.036130579514153716,-0.0339719653114372,-0.0489113304385389,0.8479999999999998,0.0017320508075687894,0.8477999999999998,0.0016431676725118932,0.8462999999999996,0.004191260749069062,0.0030000000000005578,0.0015000000000002789,22.085863344284018,0.06985220763607104,22.58951570870853,1.0840935955595727,22.57069647757408,1.0350181304077042,0.13792610067593358,0.04410293098097995,90.1,0.0,90.1,0.0,90.10999999999999,0.031622776601680995,0.0,0.0,8.280596931713393e-06
58,-53.0,53.0,-0.018682871276557312,22.49021421145573,106.0,-23.21,-23.21,3.348,4.2,3.873494430406776,0.2649806331883946,0.8520000000000003,3.412,3.413,3.338,4.195,3.8668867575358554,0.26649543682073606,0.8570000000000002,3.404,3.405,3.345,4.197,3.8697622335314423,0.2654293298665951,0.8519999999999999,3.408,3.409,25.0,34.0,27.72390476529414,1.9458491225571861,9.0,28.0,28.0,25.0,33.0,27.38325207302751,1.7791689437833142,8.0,27.0,27.0,25.0,34.0,27.602263425744688,1.8966958862051646,9.0,27.0,27.0,10.0,100.3,65.6497775721556,30.64436134033475,90.3,10.0,10.0,0.0066076728709206466,0.020000000000000018,0.0030947468013804856,0.284631104369941,0.007118109097918273,0.2819102119513468,0.3406526922666287,1.0,0.4739287240905813,0.41292405551272165,0.0020134246808208153,0.002000000000000002,0.00010000253420427615,0.9654160691010988,1817,2818.0,3979.0,5259.0,16505,90.3,0.00031942245893332107,85.0,28099,20752,7347,0.0066691940212790434,0.00024201270069055403,0.006630824906965904,0.00029010700660515117,0.00666816438136647,0.0003091361965511113,0.0001437934920085768,-0.00016417847154188373,0.0071325714835162755,4.3246707686430635e-05,0.007107521606310068,4.630224271297709e-05,0.0070642698801657595,6.747777230280637e-05,-6.308690247004006e-05,9.849872838017283e-06,0.2729147966311004,0.011592218118049473,0.27259012847279196,0.010407155248366474,0.2731570157084845,0.01236054390281566,0.023180317530689,0.0059843028429163725,0.2818683345927962,0.0015331768901053026,0.2809834515177928,0.0017120393366594246,0.27990625607656583,0.0017655653889262059,-0.0014699318512557125,0.0007977819634537586,0.2716867519657361,0.06091149444310368,0.2934023508222935,0.06247046032140871,0.2735142468533168,0.057206974990557054,0.09149129931438607,0.05770326079414585,0.3264573157768164,0.07665877405558731,0.3429074498081245,0.06127958882320388,0.31881429589467575,0.05543921573706116,0.11329295173638926,0.07305363373566323,0.002009554148443657,4.496740319453589e-06,0.001999453636561685,1.5190038831944633e-05,0.001979678668995203,2.5762807358438806e-05,2.808314981370824e-06,4.401641075051782e-06,0.9647743138966813,0.0005588370835272609,0.9647385932911778,0.00039954517215163936,0.9649951597106463,0.0004217308321578523,0.0010210415313317567,0.0004521120409601842,-2.7302625562673738e-05,0.0005815922719982914,-5.63755329361655e-05,0.0004361276778578255,-0.0001494131281473375,0.00041870673361160275,0.0010181698063931627,1.1002723547410816e-05,0.01999999999999987,0.0,0.019999999999999928,0.0,0.019700000000000006,0.0004830458915395692,4.440892098500626e-16,0.0,1.0,0.0,1.0,0.0,1.0,0.0,0.0,0.0,5269.333333333333,11.676186592088474,5277.2,13.863621460501221,5317.7,72.69731769467,-8.0,-11.5,20075.333333333332,3095.5155198017223,19751.4,2956.861055240844,20365.7,2645.4317039001394,-5208.0,-2751.5,3.8182758680354065,0.04771433726642187,3.8274574044795884,0.042577826719867665,3.811505285649892,0.04079512251409593,0.0942155308997723,0.03012178279416755,0.8496666666666665,0.002516611478423502,0.8483999999999998,0.002509980079599833,0.8479999999999996,0.0019436506316206198,0.0019999999999997797,0.0025000000000001688,22.224923147035472,0.23987583029106918,22.654728463846666,1.061684669581788,22.623587856353524,1.0137116419704113,0.32897354629241704,0.2334498234841753,90.16666666666667,0.11547005383792884,90.14,0.08944271909999038,90.13,0.06749485577105328,0.20000000000000284,0.10000000000000142,8.380103721728942e-06
59,-53.0,53.0,-0.003906825383231596,24.56224546816068,106.0,-9.13,-38.21,3.353,4.2,3.8155726642116985,0.24208984309414902,0.847,3.447,3.385,3.343,4.195,3.8085697525049245,0.24355117672024834,0.8520000000000003,3.44,3.376,3.35,4.197,3.811783249122206,0.24257328185822055,0.847,3.443,3.382,25.0,34.0,28.07039479318318,1.9201124569205121,9.0,28.0,28.0,25.0,33.0,27.703134366703775,1.7682946829229944,8.0,28.0,28.0,25.0,34.0,27.936113727841054,1.8818929328249647,9.0,28.0,28.0,10.0,100.1,59.686511946561616,28.73218148003787,90.1,10.0,10.0,0.007002911706774019,0.020000000000000018,0.0032691344357585173,0.2802727830105514,0.0071276720351391,0.28120906607860935,0.36726042647940393,1.0,0.4820583010607434,0.3773548072230356,0.002020453067751004,0.0020118733509234955,9.544016641461987e-05,0.962879203769974,1815,2815.0,3973.0,5251.0,16270,90.1,-5.7862743135970955e-05,85.0,23354,20490,2864,0.006691487985535579,0.00027911949537519104,0.006652182638122642,0.0003171880432383228,0.006679026147063884,0.0003196922230910068,0.00039523883585337264,0.0002695161639309747,0.007142325711148562,3.40005438378579e-05,0.00711746158415375,4.363039105953538e-05,0.007080598883026909,5.995843968530033e-05,9.562937220826406e-06,-2.6761982624606828e-05,0.2754515580732481,0.012319291279450653,0.27241471790844207,0.010232744839363758,0.2724124700657034,0.011585953352633847,-0.004358321359389572,0.009410998085649713,0.2821664739441862,0.001107992453780617,0.2811423543772508,0.0016826555787838884,0.2802177249830475,0.0016832267177268449,-0.000701145872737452,-0.0010855388619965822,0.31902483723275843,0.061948918594572085,0.2920124639310694,0.06026138144013608,0.2852419856814593,0.06351987591090093,0.026607734212775236,0.05904951676358065,0.36330332217069655,0.05793881602533837,0.3398858084865999,0.05853624294243514,0.3265511956605439,0.0578652103917059,-0.03556924828968605,0.038861851723351604,0.0020148313714704216,5.06697740887789e-06,0.002008215702602684,1.072053063870152e-05,0.0019875606652240948,2.487151032074457e-05,7.028386930188913e-06,4.918350955779869e-06,0.9642301001469465,0.0012764490660306363,0.9643680743317551,0.0009232289945061715,0.9647229932654764,0.0007431429544625279,-0.002536865331124738,-0.0007579118998964907,-0.00014572921055416385,0.0005147405421521476,-8.744566170699165e-05,0.0004278816707466381,-9.009874609655944e-05,0.00037997682651961476,-0.000377285202069292,0.0003204423021619354,0.01999999999999987,0.0,0.019999999999999928,0.0,0.019799999999999995,0.0004216370213557202,0.0,2.220446049250313e-16,1.0,0.0,1.0,0.0,1.0,0.0,0.0,0.0,5259.0,7.9999999999956515,5268.8,14.601369798757586,5308.8,75.07300150890005,-8.0,-8.0,18162.666666666668,3076.9231926282023,19700.4,3027.771176955088,19777.9,2850.494243694126,-235.0,-2721.5,3.8190307284284395,0.047524057412032285,3.8279960433474343,0.04230352900435202,3.8166948630215742,0.036582539831558354,-0.05797898440923621,0.018118273245268046,0.8496666666666667,0.002516611478423296,0.8485999999999997,0.002302172886641556,0.8479999999999996,0.001943650631620593,-0.004999999999999893,-0.0015000000000000568,23.071233448259907,1.3016887228352656,22.66200994249369,1.0777293486677009,22.86894772287216,1.1614031764292332,2.0720312567049497,1.2005024014986834,90.16666666666667,0.11547005383792884,90.14,0.08944271909999038,90.13,0.06749485577105328,-0.20000000000000284,0.0,8.067790933473966e-06
60,-53.0,53.0,-0.012131840197863291,21.98371297721505,106.0,-25.01,-25.01,3.352,4.2,3.8148793239668852,0.21999049113213376,0.8480000000000003,3.413,3.413,3.342,4.195,3.8079524921850845,0.221234917323994,0.8530000000000002,3.405,3.405,3.348,4.197,3.811220878705644,0.2204010344315413,0.8490000000000002,3.41,3.409,25.0,34.0,27.525540173817458,1.9564033399073137,9.0,28.0,28.0,25.0,33.0,27.285287348424994,1.7805055111823072,8.0,27.0,27.0,25.0,34.0,27.428532169970115,1.9044455600867032,9.0,27.0,27.0,10.0,100.1,60.796035862732296,26.33059797328337,90.1,10.0,10.0,0.006926831781800735,0.020000000000000018,0.002937991470694562,0.27073217214372075,0.00716493950932665,0.2817554382791693,0.24025282539246334,1.0,0.4272369427886613,0.28495686123294933,0.0020349878011549317,0.0020294266869609356,9.713124769144848e-05,0.9642535339126775,1813,2811.0,3967.0,5242.0,21926,90.1,6.430926163469046e-05,85.0,29111,20747,8364,0.006845805453165134,0.00020970785343138966,0.006787465110482377,0.00023714170402056606,0.006679347457213438,0.0003199668646788355,-7.607992497328433e-05,0.00015957945544004416,0.007136906880794674,2.4743355449339575e-05,0.007138065199002915,3.41370201960038e-05,0.0070984859637305674,5.510902327706138e-05,3.726747418755002e-05,2.3415205704188213e-05,0.2785453531747377,0.007108662999151923,0.2739498690095147,0.008976441121948042,0.2717489175603748,0.011459954148227126,-0.009540610866830668,-0.00694946611311012,0.28162490543637514,0.0003683483419258732,0.2817139016272335,0.0011213157004020243,0.2805338118494848,0.0016408022905366388,0.0005463722005599747,-7.738683608873864e-05,0.316055314712832,0.06698138487936646,0.28451470155381514,0.06465303136217129,0.275943716615105,0.0625113671716498,-0.1270076010869406,-0.05019993343708268,0.35841190798956885,0.0660532041348955,0.32833672315728685,0.0633409756432753,0.3203474543029229,0.05874875721254109,-0.09239794599008627,-0.06398359713988616,0.0020229551832422503,1.0997157636619298e-05,0.0020168206628473815,1.1641384382975955e-05,0.001996655807584567,2.379328030774066e-05,1.4534733403927507e-05,1.078156016705821e-05,0.9641829355945836,0.0012699053188959218,0.9642911358745391,0.0009110360792184897,0.9646184619676943,0.000726473202168595,0.0013743301427034949,-0.0005812675942106216,0.00010862299247734685,0.00019250665178380968,-1.5092271637860363e-05,0.0004138478997903034,-8.061314906782484e-05,0.0003828021131378391,0.00012217200477066141,-0.0001275565986493153,0.020000000000000018,0.0,0.019999999999999928,0.0,0.019899999999999984,0.0003162277660167958,0.0,0.0,1.0,0.0,1.0,0.0,1.0,0.0,0.0,0.0,5250.666666666667,8.504900548111408,5260.2,15.31992167082032,5300.4,77.59180941883368,-9.0,-8.5,18233.666666666668,3199.8125465928983,19684.4,3012.7154362800347,20312.7,2680.0232192194812,5656.0,2710.5,3.8309221204530974,0.03363769987789388,3.815566346386814,0.03394309723096117,3.81658726195108,0.03659849198054832,-0.0005623704165622634,-0.029270677412899238,0.8493333333333334,0.0025166114784232704,0.8489999999999999,0.0021213203435565555,0.8481999999999997,0.001932183566164174,0.002000000000000224,-0.0014999999999998348,23.012057552277152,1.366180004972014,22.64414557729643,1.0905963479446816,22.61367176339609,1.0269187635108403,-2.57853249094563,-0.25325061712034014,90.16666666666667,0.11547005383792884,90.14,0.08944271909999038,90.11999999999999,0.06324555320336674,0.0,-0.10000000000000142,7.753106442351464e-06
61,-53.0,53.0,-0.01164029225388602,22.11329522795783,106.0,-32.51,-33.26,3.35,4.2,3.778296339900966,0.2315560842589025,0.8500000000000001,3.393,3.392,3.34,4.195,3.771791544028533,0.23240181137109453,0.8550000000000004,3.385,3.383,3.347,4.197,3.774862945392846,0.23169594312487163,0.8500000000000001,3.39,3.388,25.0,34.0,27.558364209287024,1.9584783790072973,9.0,28.0,28.0,25.0,33.0,27.28300841441878,1.7839228401980565,8.0,27.0,27.0,25.0,34.0,27.45046573634821,1.9046025929158907,9.0,27.0,27.0,10.0,100.1,55.293909068873575,27.423665192758154,90.1,10.0,10.0,0.006504795872433264,0.019000000000000128,0.00320715618858095,0.25593334022378245,0.0072290065194122784,0.28438508587683603,0.27535579486824335,1.0,0.4466933860051223,0.3306898900457332,0.002042499126691265,0.002027027027027022,0.00010392425358370298,0.96388476349003,1810,2806.0,3961.0,5234.0,21677,90.1,-0.00031653518784101553,85.0,28879,20554,8325,0.006811513120336006,0.00026833494250051596,0.006701218322168146,0.0002477814741244738,0.006719786269737087,0.0002582748843047081,-0.0004220359093674705,-0.0002490579171703774,0.007173872687959343,5.1254469913387534e-05,0.007164184632436924,4.4575660826213783e-05,0.007122369241704264,5.470426342002109e-05,6.406701008562863e-05,5.0667242136589324e-05,0.26897943179268485,0.01226402025627037,0.27060403731744953,0.01213745256877895,0.2725394969881329,0.009793159736555954,-0.014798831919938304,-0.012169721393384486,0.2824498634115382,0.00169807100500261,0.2825279891977128,0.0013127278267239825,0.2812031921208348,0.0017159944390972915,0.0026296475976667066,0.0015880098991133407,0.29428968224670354,0.06558659734968701,0.2945366263917964,0.05654420790301692,0.2794697820006721,0.061246254433535534,0.03510296947578001,-0.04595231580558029,0.33100051950057274,0.046199756209209165,0.3411113435581544,0.05350980547427277,0.3243079272152148,0.05788549902129923,0.04573302881278385,-0.02333245858865121,0.0020326466651990668,1.1207937672576952e-05,0.002024396208451492,1.3835681446340442e-05,0.002004692230284978,2.4402089201734498e-05,7.511325536333109e-06,1.1023029470130308e-05,0.9636725003908939,0.0007113280204894198,0.9641657195687096,0.0009162050384706023,0.9644679785066554,0.000704515564191597,-0.0003687704226474908,0.000502779860028002,-0.00010336288978076535,0.00019445647631960387,-0.00013788271157376335,0.000388232744437944,-9.275207308106791e-05,0.00038871655369627427,-0.000380844449475706,-0.0001293362223525223,0.01966666666666672,0.0005773502691895622,0.01979999999999995,0.0004472135954998581,0.019899999999999984,0.0003162277660167958,-0.0009999999999998899,-0.0004999999999999449,1.0,0.0,1.0,0.0,1.0,0.0,0.0,0.0,5242.333333333333,8.504900548111408,5250.6,13.126309458491015,5272.6,26.013671619183405,-8.0,-8.5,19957.666666666668,3196.0388504105085,19618.2,2951.91644529448,20280.5,2659.3662256677285,-249.0,2703.5,3.799289024406898,0.021155473691738747,3.808635201876762,0.03869277715331059,3.809249852786661,0.036902094391107816,-0.03635793331279791,-0.018460151864680086,0.8486666666666668,0.0015275252316516348,0.8496,0.0018165902124546063,0.8485999999999997,0.0018378731669513363,0.0009999999999998899,0.0015000000000000568,22.886417891111183,1.4527547765974071,22.66214170999052,1.0784657179958006,22.619513588857778,1.023547377844595,0.12958225074278218,-1.224475120101424,90.1,0.0,90.14,0.08944271909999038,90.11999999999999,0.06324555320336674,0.0,0.0,7.95225726107138e-06
62,-53.0,53.0,-0.018603043369800516,22.406256550149465,106.0,-8.99,-8.99,3.357,4.2,3.874885285627739,0.26561253819421354,0.843,3.449,3.449,3.348,4.195,3.868222550871316,0.267086775030983,0.8470000000000004,3.442,3.442,3.354,4.197,3.8710966822280026,0.2660284580059397,0.843,3.445,3.445,25.0,34.0,27.75809842842379,1.9564224749090642,9.0,28.0,28.0,25.0,33.0,27.40547378924486,1.792091874592632,8.0,27.0,27.0,25.0,34.0,27.6329425180856,1.9113799443398831,9.0,27.0,27.0,10.0,100.3,65.78059940843163,30.699232913478422,90.3,10.0,10.0,0.00666273475642349,0.020000000000000018,0.0031041122233279946,0.28937157219710774,0.0071836308946244916,0.28334922263339657,0.3526246391789316,1.0,0.4777870896360218,0.43091403066175044,0.0020412987362328017,0.0020291785477789754,9.875397891350537e-05,0.9649540668439776,1811,2806.0,3959.0,5229.0,16398,90.3,0.0005887217613334474,84.0,28061,20612,7449,0.006698120803552496,0.00021323157938604436,0.0067409893976704315,0.00021379029110945306,0.006691369721181212,0.000245843753276933,0.00015793888399022547,-0.00013204851268862252,0.0071925256411211405,3.294666647431803e-05,0.007164671611284158,4.482059483060325e-05,0.007134535699005286,5.328879229411644e-05,-4.537562478778689e-05,9.345692648920871e-06,0.272012361521537,0.0167558348943818,0.27618819438902065,0.013245710056279747,0.2732729292195484,0.010805790711157455,0.033438231973325294,0.009319700026693495,0.28316324892980066,0.0013246513827418526,0.2825218049638716,0.0013077732075680282,0.2816054605392285,0.0016985991414268495,-0.001035863243439461,0.0007968921771136228,0.2894110864798794,0.057489299440254306,0.31522927563713415,0.05468858780730654,0.2951419115741325,0.05741859954302764,0.07726884431068826,0.05618590689323413,0.34885359398014426,0.0746546310176376,0.367367928935238,0.059895884808404395,0.3442347068973322,0.056729852380975075,0.10022414061601725,0.07297858471440055,0.0020395952213596662,4.035030981365144e-06,0.0020305326825301633,1.2973377901808551e-05,0.0020116862494091634,2.3802185436580493e-05,-1.2003904584631173e-06,3.155467538934996e-06,0.9643641214155618,0.0005431616817694213,0.9642775274235514,0.0009828696474008163,0.9644744388118534,0.0007090913036479891,0.0010693033539475039,0.0003502664656500065,0.00011216527837570744,0.0004545219299009688,0.00011961111018489448,0.00034812649800647783,-6.736336559427447e-05,0.00042622833179609696,0.0009052569491744629,0.00026220624984937845,0.01966666666666672,0.0005773502691895622,0.01980000000000004,0.0004472135954999077,0.019899999999999984,0.0003162277660167958,0.0009999999999998899,0.0,1.0,0.0,1.0,0.0,1.0,0.0,0.0,0.0,5235.0,6.557438524296695,5243.0,12.22701926064045,5264.5,25.682895302334547,-5.0,-6.5,20000.333333333332,3122.1954348396125,18555.2,2965.9272917588523,19706.2,2827.7238510465972,-5279.0,-2764.0,3.8190601687754975,0.04859345509339675,3.827745197796028,0.04174072364174851,3.8173005046160187,0.04093978981268327,0.09623373683515668,0.029937901761179386,0.8473333333333334,0.003785938897200096,0.8482,0.0034205262752955074,0.8479999999999999,0.0025385910352921305,-0.007000000000000117,-0.0030000000000001137,22.167754918440778,0.21647207942979096,22.71114488698775,1.055334309722229,22.65033029784814,1.010662151450054,0.2929613221916334,0.2112717864672078,90.16666666666667,0.11547005383792884,90.17999999999999,0.10954451150102854,90.14,0.08432740427115214,0.20000000000000284,0.10000000000000142,7.726730081047391e-06
63,-53.0,53.0,-0.005003003776175614,24.515963618119276,106.0,-35.69,-35.69,3.347,4.2,3.8147995193958115,0.24283231000521174,0.8530000000000002,3.386,3.386,3.337,4.195,3.8077314624098864,0.24430715149731622,0.8580000000000001,3.377,3.377,3.343,4.197,3.8109677737727425,0.24333436561892516,0.8540000000000001,3.382,3.382,25.0,34.0,28.110925163062134,1.925494511333991,9.0,28.0,28.0,25.0,33.0,27.733565053209748,1.7738941258415915,8.0,28.0,28.0,25.0,34.0,27.980818743563336,1.8908422271417924,9.0,28.0,28.0,10.0,100.1,59.5546687263989,28.845575469547345,90.1,10.0,10.0,0.007068056985925176,0.020000000000000018,0.003304726597801041,0.2827029116696698,0.007189099271001519,0.2826156431300466,0.3773601098523859,1.0,0.4847261673817302,0.3851460443270219,0.002051641234223263,0.0020426287744227866,9.524708701757788e-05,0.9625435990901215,1806,2799.0,3949.0,5217.0,16238,90.1,0.00035171918865457385,84.0,23304,20439,2865,0.0067451958715939765,0.00029054370949894005,0.006833066220671337,0.00023960089659844064,0.00673194556381862,0.000272546944407343,0.0004053222295016864,0.0002816305567459559,0.007200578895012764,2.4770408894737996e-05,0.007178869645900808,3.693326704110329e-05,0.007143195626105438,5.452645887999019e-05,5.468376377027427e-06,-1.995362420537973e-05,0.27600260803018667,0.017697440239238915,0.2758025558489664,0.012963511932180158,0.2741963421608792,0.011211330142293188,-0.00666866052743792,0.013384785722943687,0.28344998388009307,0.0008890143588085118,0.2826628911996115,0.0012625684148410519,0.28182317135870216,0.0016717231589608937,-0.000733579503349957,-0.000884721373394709,0.33511351463318695,0.05320901879370089,0.3225707591542856,0.061048689771839325,0.3079865549882896,0.06022641894833417,0.024735470673454274,0.051002157492071265,0.38224998834483515,0.050174793928263774,0.3618123266980981,0.05575940549579928,0.3523598882531113,0.056125537023816355,-0.04576798633472856,0.027228077140644347,0.0020451463657157765,5.656652898181035e-06,0.002038175993210653,1.1554440467124452e-05,0.002018814814886169,2.404976728467354e-05,1.0342497990461358e-05,4.57105376599912e-06,0.9637941431413765,0.0012077862947532983,0.9637030334213561,0.0009904726770959596,0.9642208133562669,0.0008971343566289858,-0.002410467753856005,-0.0006705821999542505,0.00020796858738233526,0.0004694365905335473,0.00012607045612914505,0.0003530259210416074,3.484746159648979e-05,0.00038622891263526696,-0.00023700257267887355,0.00033412718824779467,0.01966666666666672,0.0005773502691895622,0.01980000000000004,0.0004472135954999077,0.019899999999999984,0.0003162277660167958,0.0,0.0004999999999999449,1.0,0.0,1.0,0.0,1.0,0.0,0.0,0.0,5226.666666666667,8.73689494805025,5234.6,12.895735729305038,5255.9,25.75719964073853,-12.0,-8.5,18104.333333333332,3095.054172923846,18501.8,3014.080987631222,19126.6,2890.878305598114,-160.0,-2719.5,3.8189758004645302,0.04861408638385359,3.815986305844288,0.03461879910449586,3.8217218551619383,0.0370799370403527,-0.06012890845526009,0.018052414189948296,0.8490000000000001,0.005567764362829949,0.8486,0.004037325847635673,0.8484999999999999,0.003171049598410214,0.01100000000000012,0.0020000000000000018,23.011838465408857,1.3108207125069347,23.11629476832046,1.3079325458753763,22.885511616083566,1.1491086479095258,2.1097070679698113,1.2013341950807224,90.16666666666667,0.11547005383792884,90.13999999999999,0.08944271909999038,90.14,0.08432740427115214,-0.20000000000000284,0.0,7.817381558692204e-06
64,-53.0,53.0,-0.011017002081886764,22.01739187393263,106.0,-23.69,-23.69,3.351,4.2,3.815193754337266,0.21928767464150853,0.8490000000000002,3.416,3.415,3.342,4.195,3.8080090562109645,0.22059572320499188,0.8530000000000002,3.408,3.407,3.348,4.197,3.8113113462873005,0.21971036066752803,0.8490000000000002,3.412,3.412,25.0,34.0,27.566030534351146,1.9856122304396193,9.0,28.0,28.0,25.0,33.0,27.313393476752257,1.8074699471700073,8.0,27.0,27.0,25.0,34.0,27.46616932685635,1.9371098818697323,9.0,28.0,28.0,10.0,100.1,60.89151283830674,26.153925870639775,90.1,10.0,10.0,0.007184698126301194,0.020000000000000018,0.002981133434377511,0.2865211411233877,0.007244063838069289,0.28361968896259815,0.25263705759888966,1.0,0.43452453869334573,0.2964674970805761,0.002066665360928847,0.0020614035087719172,9.778119586829083e-05,0.9635694809730189,1805,2797.0,3945.0,5211.0,21670,90.1,0.0001399621938526547,84.0,28820,20552,8268,0.0069718299562166195,0.0002739638129542192,0.006869423504576771,0.00028187878868657026,0.006760803071349707,0.0003051847546584539,0.0001166411403760179,0.00026098168493885214,0.007205598001231766,3.342441080663695e-05,0.007202148006486846,3.307545103337069e-05,0.007159804795320297,5.765786181260942e-05,5.4964567067769705e-05,3.0216471722398566e-05,0.28619854166338843,0.003346014213396588,0.2770522274715337,0.01377776569377934,0.2747334726899878,0.011699524279075856,0.003818229453717903,-0.0014252155368600083,0.28319485157534713,0.000519518840984538,0.2831450157764094,0.0010019917599031474,0.2821436850768301,0.0016788852397447245,0.0010040458325515367,0.00013523316460078982,0.3275406022100691,0.06603685807069015,0.29964608537818277,0.061590630375769916,0.2958292746546261,0.0575857233595925,-0.12472305225349622,-0.049993790790020975,0.3708425240231161,0.06835503359527818,0.3456348646696062,0.061555405679433,0.342760336578103,0.05671063778534913,-0.08867854724644575,-0.06722326679058716,0.0020532017771283037,1.275511202367626e-05,0.0020474184518462215,1.2292753515958951e-05,0.002027817077224453,2.33483407341637e-05,1.5024126705583726e-05,1.2683312348022542e-05,0.9636890489690394,0.0012096739549794552,0.9638410888619651,0.0008899422642573916,0.9641045815968601,0.0008988684400981205,0.001025881882897317,-0.0006922929354793439,0.0003601343812802253,0.00022449810456122288,0.00016563544352687015,0.00033802508085764435,3.9094890909939275e-05,0.00038722658201411226,-0.00021175699480191916,-0.00022437978374039634,0.020000000000000018,0.0,0.01980000000000004,0.0004472135954999077,0.019899999999999984,0.0003162277660167958,0.0,0.0,1.0,0.0,1.0,0.0,1.0,0.0,0.0,0.0,5219.0,9.165151389908095,5226.6,12.58173279004439,5247.7,25.68635608427905,-6.0,-9.0,18102.0,3091.014073083456,19581.8,2981.7485138757097,19641.1,2833.6873288663655,5432.0,2636.0,3.8311252674293486,0.03461668689046756,3.8158919252773074,0.034633762531463025,3.821943984312371,0.03700243006865131,0.000343572514557966,-0.02989266797035106,0.8486666666666668,0.00550757054728603,0.8490000000000002,0.003937003937004221,0.8488,0.003047767853513639,-0.004999999999999893,0.0030000000000001137,22.979870680733793,1.3444292723369629,22.607324049474848,1.079850494276252,22.63466699598427,1.0175016747521906,-2.498571744186645,-0.19443233810841676,90.16666666666667,0.11547005383792884,90.14,0.08944271909999038,90.13999999999999,0.08432740427115214,0.0,-0.10000000000000142,7.615939520160815e-06
65,-53.0,53.0,-0.009868407418920611,21.99496662104191,106.0,-15.36,-15.36,3.36,4.2,3.7757614754947677,0.23346362059292528,0.8400000000000003,3.434,3.434,3.351,4.195,3.7692178703415875,0.23426747286024036,0.8440000000000003,3.426,3.426,3.357,4.197,3.7722538597036572,0.23361622194142914,0.8399999999999999,3.43,3.43,25.0,34.0,27.57610610299451,1.9563904217374766,9.0,27.0,27.0,25.0,33.0,27.288053051497254,1.7815220839697867,8.0,27.0,27.0,25.0,34.0,27.47373329188685,1.9044116931359643,9.0,27.0,27.0,10.0,100.1,54.76867682105481,27.802794256324997,90.1,10.0,10.0,0.0065436051531793,0.020000000000000018,0.003220262319021955,0.2619313316797245,0.007269210258399186,0.28494536431567463,0.2880530514972542,1.0,0.45285592744312675,0.34246376108983373,0.002073698646177048,0.0020569620253164398,0.00010363394533925916,0.963258392278192,1808,2797.0,3944.0,5208.0,21804,90.1,4.041490079777536e-05,84.0,28953,20627,8326,0.006932120088468556,0.0003414808634669888,0.006792778178852485,0.00031277466492759057,0.006790121644667431,0.0002616883827430798,-0.000641092973121894,-0.0002622259163729381,0.007234124455823331,4.096994099390063e-05,0.007223002156301353,3.644975100205826e-05,0.007180533677652134,5.578868739536821e-05,2.5146420329896953e-05,4.005549369883333e-05,0.2770517948242607,0.013233141097988368,0.27529205937873447,0.015268552171672344,0.2746209641941246,0.011828987042231402,-0.024589809443663235,-0.010385789994972666,0.28372689880277313,0.0011685549465314741,0.2837830009837104,0.0009070768388043343,0.282748451305472,0.0014538637997217507,0.001325675353076483,0.0011648605928140099,0.30601673964950993,0.0642727042365626,0.3092061305991409,0.053205943700018445,0.296860416076478,0.05731755045171163,0.03541599389836453,-0.04465352917756585,0.3413591008324772,0.04434959290848274,0.35713624464098304,0.05201706201830093,0.34273648389913497,0.056710715076170676,0.045996264009257604,-0.021341141618594073,0.0020640017471097193,1.1267363687129178e-05,0.0020551606208506447,1.4498868826639062e-05,0.0020359906418490133,2.3706157333409813e-05,7.033285248201401e-06,1.1028705976892563e-05,0.9631238241137775,0.0005260131676835156,0.963642060535068,0.0008859108235585628,0.9639665982048037,0.0009136341287225199,-0.0003110886948268776,0.00035739659403521973,0.0001773654277683346,0.00015898692191504356,0.00016085657135948714,0.0003399789781162319,7.288214986081343e-05,0.00036890500843976266,-9.954729305487934e-05,-0.00015565214392839925,0.020000000000000018,0.0,0.01980000000000004,0.0004472135954999077,0.019899999999999984,0.0003162277660167958,0.0,0.0,1.0,0.0,1.0,0.0,1.0,0.0,0.0,0.0,5212.0,4.5825756949486705,5219.8,11.300442469216884,5240.0,24.78798992342652,-3.0,-4.5,19904.0,3175.5560143067823,19557.4,2958.175924450742,19620.9,2815.6183236448196,134.0,2783.0,3.798177659921233,0.02245132677168038,3.80809852147691,0.0399273290031349,3.811832433931862,0.03515793386994741,-0.039057486583643275,-0.019356957034542654,0.8476666666666667,0.007094598884597591,0.8472000000000002,0.005630275304102697,0.8481,0.004121757985242496,-0.009000000000000341,-0.007000000000000117,22.84277403769794,1.4490680632788462,22.609574778240223,1.0782362776505399,22.62686017776833,1.022576446951321,-0.02242525289072006,-1.2604984985386825,90.1,0.0,90.13999999999999,0.08944271909999038,90.14,0.08432740427115214,0.0,0.0,7.72829873440488e-06
66,-53.0,53.0,-0.019071458983820323,22.288129884688495,106.0,-11.36,-11.36,3.347,4.201,3.8805696494464947,0.2661221504890489,0.8539999999999996,3.443,3.443,3.338,4.195,3.8738189753051375,0.26765964821764066,0.8570000000000002,3.436,3.436,3.344,4.197,3.876725979279023,0.26651631833697154,0.8530000000000002,3.439,3.439,25.0,34.0,27.77366590973602,1.9912098812087822,9.0,28.0,28.0,25.0,34.0,27.43255038319614,1.8328128744832888,9.0,27.0,27.0,25.0,34.0,27.653633267101903,1.9492275225755806,9.0,28.0,28.0,10.0,100.3,66.41296125461255,30.659777741576136,90.3,10.0,10.0,0.0067506741413567856,0.020000000000000018,0.0031115313624491352,0.29348678043520215,0.007262032870279793,0.28592298239473307,0.3411155265398808,1.0,0.47408408968589183,0.4113676384269223,0.0020687511537684604,0.002057142857142834,0.00010031768365950601,0.9645322571975786,1842,2830.0,3974.0,5235.0,16222,90.3,0.0007874069660590649,83.0,28184,20444,7740,0.0068263258069457605,0.0003271733958107733,0.006841953832637189,0.00027297421151979066,0.006771586077402668,0.00025672261859059414,0.0002070689881774855,-0.00021701199247220427,0.007258435655582756,1.2953400289029258e-05,0.007229607426474856,4.056948877981591e-05,0.007196896029455889,5.294845164152624e-05,-7.177388119392232e-06,8.98451610525236e-06,0.28064641774610477,0.01657772202715419,0.2828027474210184,0.012316152344951009,0.27670339236923397,0.013199506616413913,0.031555448755477666,0.0034828196559072155,0.2848293452243353,0.0011560214015297401,0.28409058028728984,0.001326192166224633,0.2833092847425013,0.0014919185008381958,0.00097761807905844,0.0011516467160674615,0.2939352118786749,0.04453155874882443,0.32235807693346846,0.05082072814890941,0.30844735166263243,0.05276263219306558,0.05306247504262662,0.044239234470495575,0.3500996321991107,0.057829408747199544,0.3732717943172209,0.05422857537285877,0.35719156893768766,0.05354321946700103,0.06890387733708858,0.05745007067317309,0.002069705053624785,3.612370281101373e-06,0.0020604110262660838,1.3485400944337737e-05,0.002042403617358788,2.2939040555355998e-05,-4.9474924085878e-06,1.0428964198068002e-06,0.9637867101495964,0.0006641342820431562,0.9637715592765778,0.0009732738184251524,0.9639686394226435,0.0009150094251073563,0.0012738649193866358,0.0004813881122798791,0.000322594686903165,0.00040560480400164743,0.0003816450021395032,0.000309543079295098,0.00012188114528286997,0.0004295914002428576,0.0007469920652612896,0.0003237223861032051,0.020000000000000018,0.0,0.020000000000000018,0.0,0.019899999999999984,0.0003162277660167958,0.0,0.0,1.0,0.0,1.0,0.0,1.0,0.0,0.0,0.0,5218.0,14.798648586946522,5220.0,11.618950038625753,5235.3,19.916771268887924,27.0,12.0,19898.666666666668,3184.7915682715116,18466.4,2986.8044462267703,19042.3,2864.6476242482536,-5582.0,-2724.0,3.8200970617566603,0.052787285773884494,3.828471128254145,0.04445974391947286,3.8185531650654534,0.04065964320634412,0.10447211957536595,0.03270731649586134,0.8473333333333334,0.00665832811847944,0.8478000000000001,0.0061400325732025775,0.8487,0.00437289631963123,0.013000000000000345,0.0020000000000000018,22.100162793221013,0.16316998375264002,22.644541709586356,1.0608126457921223,22.653341709788435,1.0085424850575344,0.2931632636465835,0.13536900537793173,90.16666666666667,0.11547005383792884,90.17999999999999,0.10954451150102854,90.16,0.09660917830792183,0.20000000000000284,0.10000000000000142,7.423952869639519e-06
67,-53.0,53.0,-0.0039913166831451585,24.455378896219717,106.0,-15.53,-15.53,3.345,4.201,3.8138322658298582,0.2436199831529248,0.8559999999999994,3.43,3.431,3.335,4.195,3.8067382108928345,0.24505646511756807,0.8600000000000003,3.422,3.423,3.342,4.197,3.8099827623264413,0.24410660509511745,0.855,3.426,3.427,25.0,34.0,28.156170743240338,1.9210174016738524,9.0,28.0,28.0,25.0,34.0,27.771310665004513,1.802019872132377,9.0,28.0,28.0,25.0,34.0,28.021837252289043,1.8943975469163483,9.0,28.0,28.0,10.0,100.1,59.39675020418691,28.968321182513055,90.1,10.0,10.0,0.007094054937024469,0.020000000000000018,0.003309509405316937,0.28392024443107294,0.00724407943123315,0.28356168328454245,0.38486007823582513,1.0,0.4865622246086719,0.3910272125520961,0.0020806129917999585,0.0020719738276990082,9.730394485701449e-05,0.9619886490092147,1800,2786.0,3929.0,5187.0,16214,90.1,0.0008258051946728989,83.0,23263,20395,2868,0.006796111410520185,0.00027802365044284516,0.006928217868757386,0.0002703182155049243,0.006834603633213908,0.0002500553618233994,0.00034338079566768355,0.00027522489192258453,0.007258440853304043,1.2944750209689845e-05,0.007241697133796588,3.141785322286312e-05,0.007203184372540373,5.458550548775711e-05,-1.795343904664303e-05,-1.2565413583017632e-05,0.27977945218199984,0.016180117641024266,0.28171248186781145,0.011820600450930288,0.2789503381284161,0.012188319089434942,-0.009566536004129211,0.010994456375674228,0.2848100099983167,0.0011864543671657568,0.284133072417519,0.0012996379890083249,0.2833274386906953,0.0014939796100633498,-0.0023612991101906178,-0.0006918405155660889,0.3380095520909867,0.04847819524743492,0.32880516474484717,0.057257305884805175,0.32201722019099066,0.05326842379959224,0.04374455169594432,0.04840351336928547,0.38161953735628407,0.035402179911179645,0.36529443069529,0.045927631557684034,0.3663311798152641,0.05033024926235546,-0.020340425874826207,0.024281725731131187,0.002074354263915156,5.9580346034152535e-06,0.0020682738773795156,1.073710619154172e-05,0.0020494032799548397,2.2840924299861938e-05,1.1861838031498092e-05,3.457172811455146e-06,0.9632597661616616,0.001271804650743028,0.9631784757096252,0.0009760573740939439,0.9637280015665883,0.0010900901919827094,-0.002543608188363966,-0.0006348716344886651,0.0005512090205099131,0.00044277712287283175,0.0004290616888073935,0.0003627752242498781,0.000274336399496144,0.0003727660629670679,3.839822861383395e-05,0.00039269514693756176,0.020000000000000018,0.0,0.020000000000000018,0.0,0.01990000000000003,0.00031622776601681143,0.0,0.0,1.0,0.0,1.0,0.0,1.0,0.0,0.0,0.0,5210.0,24.062418831030563,5211.6,17.285832349067956,5227.3,21.75137288130559,-48.0,-10.5,18080.0,3225.0810842519886,18429.6,3019.6133527324328,18492.4,2822.500790276452,-8.0,-2795.0,3.8196542004363736,0.052903293644895384,3.816248344273833,0.03769805996166083,3.821996771034931,0.03798270226521952,-0.0667432169525819,0.018864451311392028,0.8493333333333334,0.00814452781524707,0.8502000000000001,0.006140032573202409,0.8492000000000001,0.0048027769744897865,0.0019999999999997797,0.007500000000000062,22.912825133983375,1.3439085745801704,23.054366178800404,1.3118560229064171,22.882755532894077,1.136920258042891,2.167249011531222,1.2302061375889028,90.16666666666667,0.11547005383792884,90.14,0.08944271909999038,90.16,0.09660917830792183,-0.20000000000000284,0.0,7.3889504651410624e-06
68,-53.0,53.0,-0.01010294577957063,21.995845323318058,106.0,-53.0,-47.42,3.344,4.201,3.812791047890655,0.21981610790776038,0.8569999999999998,3.344,3.356,3.334,4.195,3.805616839981915,0.22113297847329821,0.8610000000000002,3.334,3.347,3.341,4.197,3.808996522102041,0.22022884314688182,0.8559999999999999,3.341,3.353,25.0,34.0,27.602128473550586,1.9943783348950628,9.0,28.0,28.0,25.0,34.0,27.336243174625256,1.837683511055605,9.0,27.0,27.0,25.0,34.0,27.5002260633673,1.9463846823910989,9.0,28.0,28.0,10.0,100.1,60.61575487775188,26.248308018029558,90.1,10.0,10.0,0.007174207908739906,0.020999999999999908,0.003008135322758349,0.2786427938081991,0.007297117733268204,0.2848909924391496,0.2658852989253295,1.0,0.441803470720543,0.31270151441133365,0.0020925340252881844,0.002087912087912102,9.950005407175191e-05,0.9629182599061359,1796,2781.0,3922.0,5178.0,21634,90.1,0.0003024936517204679,83.0,28753,20470,8283,0.007006312329040387,0.00022498730402028115,0.006949448053320331,0.00028765876830566035,0.0068912571369958335,0.0002570098255714777,8.015297171543728e-05,0.00021176688369156042,0.007267743344927049,2.6976332427271695e-05,0.007263300826249925,2.190682565792257e-05,0.007221085236075367,5.291236091332862e-05,5.303830203505326e-05,1.7542431494205115e-05,0.28534993955815807,0.00752456017737749,0.2809004582955173,0.011874884233785627,0.2783515070722419,0.012024205180997852,-0.005277450622873825,-0.007421993313501518,0.2847918860394751,0.0011837651501832903,0.2845881422793396,0.0009990800557160312,0.28362551673947556,0.0014770631198240576,0.0013293091546071611,-0.0005159949777917283,0.3306203012336785,0.06017775206557805,0.30651020255943584,0.0552937528904712,0.3145404808568607,0.05555999782179813,-0.1189747793104956,-0.03761511380727564,0.37169878846345067,0.05209550835127488,0.3508055247121524,0.049395535371428455,0.35630892570512523,0.04999888341908172,-0.07832569814076246,-0.04933306200779433,0.002080632723618868,1.1891448037967309e-05,0.0020764524355925,1.0471481311700326e-05,0.002057314214401576,2.2694451512319998e-05,1.1921033488225888e-05,1.189143575986199e-05,0.9631463887043097,0.0012870577746946577,0.9632534078728281,0.0009283482357222634,0.963478220647092,0.0009355256465438763,0.0009296108969212291,-0.0008069986457213685,0.0006385686041508106,0.00029168199503648194,0.0004192165814205723,0.00036605205514484394,0.00027264351877485867,0.0003725769508803366,-0.000523311542952431,-0.00024245665716929852,0.020333333333333314,0.0005773502691895622,0.020199999999999996,0.0004472135954999077,0.020000000000000018,0.0004714045207909855,0.0009999999999998899,0.0004999999999999449,1.0,0.0,1.0,0.0,1.0,0.0,0.0,0.0,5200.0,30.643106892088053,5203.8,22.30919093109578,5219.2,23.635190336054965,-9.0,-28.5,18023.333333333332,3126.9316163506546,19508.8,3004.7447811752672,19005.3,2886.517011132207,5420.0,2706.0,3.8319017545691687,0.03882204925135529,3.8158540939396928,0.03777731539183387,3.8159201998919903,0.03416039119372453,-0.0009862402244000812,-0.03386472858849099,0.8546666666666667,0.0015275252316510064,0.8506,0.00650384501660255,0.8496,0.005211099265565617,0.0009999999999998899,0.0014999999999998348,22.913118034742087,1.3436085701714493,22.55034251984016,1.0721316363036602,22.83331864408031,1.166255643282409,-2.459533572901659,-0.1461422806852184,90.16666666666667,0.11547005383792884,90.14,0.08944271909999038,90.14,0.08432740427115212,0.0,-0.10000000000000142,7.3429632986309204e-06
69,-53.0,53.0,-0.00946636458696385,22.02829954207954,106.0,-12.73,-12.73,3.354,4.201,3.774973335657023,0.23315482947358984,0.8469999999999995,3.439,3.439,3.344,4.195,3.768366608574416,0.23398325781111243,0.8510000000000004,3.432,3.432,3.351,4.197,3.7714325548971765,0.23330959704281448,0.8460000000000001,3.436,3.436,25.0,34.0,27.62589752527013,1.9744601261554442,9.0,27.0,27.0,25.0,33.0,27.316242593238062,1.8009111491936611,8.0,27.0,27.0,25.0,34.0,27.524573021958872,1.9277393542072703,9.0,27.0,27.0,10.0,100.1,54.64968281631231,27.77897087365476,90.1,10.0,10.0,0.006606727082607191,0.020000000000000018,0.003266119910625464,0.2637166779677508,0.007352459016393439,0.28742106045163457,0.3096549320320669,1.0,0.4623513329712405,0.37086482772160595,0.002103603351034314,0.002083333333333335,0.0001061049684407916,0.9626650942965177,1796,2779.0,3918.0,5172.0,21666,90.1,0.0006799049945328203,83.0,28690,20374,8316,0.006958329976123855,0.0003071230547608988,0.0068338538445815306,0.0002856112871508351,0.006851638674579151,0.00026817921810650823,-0.0005674808261327156,-0.00024366392720863916,0.007297885393631597,5.419387047183724e-05,0.007284979861914754,4.227544872691226e-05,0.0072435639342008,5.6448193346308763e-05,5.534128312523548e-05,5.418979258014437e-05,0.2754265720690076,0.010478744493793414,0.2763395656643899,0.013451143308296208,0.2766958965679618,0.01284224821257438,-0.01492611584044834,-0.010101783231661082,0.2852912453917755,0.0019605738570713954,0.2853484165771468,0.0014309159947041034,0.28424671617677816,0.0016446367381737572,0.002530068012484954,0.0019296885835460575,0.3201334363977405,0.06017556662218732,0.3179137774460713,0.0466019377531409,0.30877993141212706,0.05238199101413812,0.04376963310673737,-0.037602573101879117,0.3581978515616786,0.04067023433773851,0.3656849908403584,0.039059049807801116,0.35565992775498223,0.04973678301222781,0.0581633133102723,-0.010081192415245077,0.0020922501227074856,1.1497808701572137e-05,0.0020838400336135932,1.4204841073516617e-05,0.0020656292427299076,2.2919875513053906e-05,1.1069325746129559e-05,1.1495179617177723e-05,0.9625240010706229,0.0004805981468135521,0.9630725305375277,0.0009394079777118935,0.9634568096997466,0.0009530444244242751,-0.0002531656096181889,0.0003382226436515201,0.0006027346136420624,0.0002700559081226171,0.0005272051415566054,0.0003419225857035612,0.00034642029254173786,0.0003729044643732328,0.0003774113428123524,-7.295010007003929e-05,0.020333333333333314,0.0005773502691895622,0.020199999999999996,0.0004472135954999077,0.020000000000000018,0.0004714045207909855,-0.0009999999999998899,0.0,1.0,0.0,1.0,0.0,1.0,0.0,0.0,0.0,5179.0,7.549834435266398,5196.0,25.719642299225054,5211.3,24.989108738705134,-6.0,-7.5,19838.0,3138.51684717479,19508.0,3004.0259652672785,19544.9,2822.008758550079,32.0,2726.0,3.796803946441886,0.021977802418150016,3.8078783356616683,0.04284587263372453,3.811885130469487,0.036970873342919465,-0.03756396720486466,-0.01927510371463237,0.8523333333333333,0.0055075705472857756,0.85,0.006819090848491906,0.8495000000000001,0.005275730597116961,-0.009999999999999787,-0.0044999999999999485,22.826507920539104,1.4107369742938929,22.552524053469547,1.0707863543284082,22.579924051472197,1.0142402534422694,0.03245421876148313,-1.213539677070088,90.1,0.0,90.14,0.08944271909999038,90.14,0.08432740427115212,0.0,0.0,7.4104155200754645e-06
70,-53.0,53.0,-0.01862694026961401,22.139167767394927,106.0,-13.11,-13.11,3.353,4.201,3.8872744359579032,0.2665590820561772,0.8479999999999994,3.436,3.437,3.344,4.195,3.880538875787547,0.2680638923640135,0.8510000000000004,3.429,3.429,3.35,4.197,3.8834357115201854,0.2669970042510119,0.847,3.433,3.433,25.0,34.0,27.781633874203653,2.0284420946034025,9.0,28.0,28.0,25.0,34.0,27.4478899017986,1.894897745090422,9.0,28.0,28.0,25.0,34.0,27.667558340079548,1.9925514082274807,9.0,28.0,28.0,10.0,100.3,67.15902643342366,30.598515045161275,90.3,10.0,10.0,0.006735560170356534,0.020000000000000018,0.0030937293506816525,0.29296039020726533,0.007320163554854918,0.28817404967155347,0.3337439724050544,1.0,0.47154950247916566,0.4039115227351101,0.002097422266966468,0.0020852221214868257,9.699416495779636e-05,0.9640135107798881,1797,2779.0,3916.0,5167.0,16136,90.3,0.0013541572170563312,82.0,28411,20299,8112,0.006838831720567877,0.00029750190221131893,0.006872244848016977,0.00024715543044806195,0.006832511513434732,0.00026903997432278423,0.00012883308774934345,-0.00021932386919168607,0.007323246768172187,2.7799173688640316e-05,0.0072951705212059015,4.364292162016565e-05,0.0072590863387536255,5.370064975306131e-05,-3.2295461538520837e-05,1.1522910793357322e-05,0.2784399539944051,0.014622911282621887,0.2825453773698981,0.012245684265368496,0.2789187183743163,0.013596847791908461,0.029243712239514552,0.007158798199533106,0.28682870085411255,0.0017198208096752563,0.28599415364832265,0.0018659415698834526,0.2848885773160165,0.0018086549821585314,0.0007529892199188981,0.001641528616201926,0.3030947344541503,0.03440170105972815,0.3270519616276314,0.043670248673894005,0.31812904611338616,0.0468425690415846,0.02408904037298748,0.033929336739862426,0.3624926216226832,0.046177773666862175,0.3779745431694136,0.039589500612170044,0.36755539390519837,0.04494193774298225,0.03304669501350416,0.04560500416188823,0.0020978532144296552,5.54723173355785e-06,0.002088584757771477,1.3929979601001304e-05,0.002071872689311061,2.2135889506012474e-05,-6.181084067846069e-06,2.444120839141745e-06,0.9631989549941805,0.0007166931369157841,0.963223554237867,0.0010328126444210223,0.9634328073864674,0.0009335730992666198,0.0013484164833703627,0.0005476254368760869,0.0007788519544365398,0.0005327681853483514,0.0007899536048083166,0.0003772749131689059,0.0004754050880839019,0.00047388418139709384,0.0006742522225235109,0.0005258317826679316,0.020333333333333314,0.0005773502691895622,0.020199999999999996,0.0004472135954999077,0.020000000000000018,0.0004714045207909855,0.0,-0.0004999999999999449,1.0,0.0,1.0,0.0,1.0,0.0,0.0,0.0,5172.333333333333,5.507570547280026,5187.8,27.417147918776813,5203.8,25.986321188042744,-5.0,-5.5,19812.0,3183.549591258158,18374.4,2990.4101390946366,18965.9,2872.7097718588607,-5530.0,-2749.0,3.8212882628398006,0.05700431510993481,3.830114706024973,0.04824574626755548,3.8191066137509417,0.04333225061735409,0.11200315662300886,0.0372195947090721,0.8496666666666667,0.0055075705472857756,0.8513999999999999,0.004615192303684057,0.8493,0.005334374898296717,0.0009999999999998899,-0.0044999999999999485,22.054437544264175,0.07515136134940294,22.581364282740147,1.0538225658434979,22.595469530490185,1.0052380294698313,0.11086822531538587,0.0716612220384345,90.16666666666667,0.11547005383792884,90.17999999999999,0.10954451150102854,90.16,0.09660917830792182,0.20000000000000284,0.10000000000000142,7.101817706768271e-06
71,-53.0,53.0,-0.004128768303186707,24.395508915374037,106.0,41.61,41.61,3.345,4.201,3.8133523686477178,0.2444047211898075,0.8559999999999994,3.561,3.564,3.336,4.195,3.806185099052541,0.24587714806360336,0.8590000000000004,3.552,3.555,3.342,4.197,3.80947459086994,0.24490171928882154,0.855,3.557,3.559,25.0,34.0,28.191860465116278,1.920740660999735,9.0,28.0,28.0,25.0,34.0,27.806115417743325,1.8182386770621939,9.0,28.0,28.0,25.0,34.0,28.05960378983635,1.8963847507688412,9.0,28.0,28.0,10.0,100.1,59.29909991386736,29.080010546795393,90.1,10.0,10.1,0.007167269595176585,0.02100000000000035,0.003342019205902959,0.28506648135112317,0.007300898865366667,0.2844904345743893,0.38574504737295434,1.0,0.48677079390632255,0.39147305859816295,0.0021102219780074435,0.0021008403361344463,9.612468958581681e-05,0.9615880672212297,1847,2827.0,3962.0,5212.0,16121,90.1,0.0006063752587132471,82.0,23220,20359,2861,0.006836518949380103,0.0002935923762563414,0.006955563938780937,0.00026546800065635695,0.006898758885709064,0.0002608151449791352,0.0004317094248200504,0.00028027125628469693,0.007324507145538342,2.605306850467374e-05,0.007302943720223276,3.9532946175566364e-05,0.007266275573349065,5.40375167664759e-05,-1.9264689488250955e-05,-2.5780075513385896e-05,0.2805811831753798,0.015129015208561391,0.28086131755308225,0.010866099914665856,0.28183203248705035,0.01099728157616102,-0.007893908856142162,0.010674901691686195,0.2866951815658591,0.0019461321033333878,0.28570764408425386,0.0019857378240426674,0.28489911218577185,0.0018057008420541833,-0.0036836150971641946,-0.0014653129386226482,0.34304798393669184,0.038888942979759124,0.33597786579424604,0.05117884843191522,0.3291679713638572,0.048616218563972545,0.05200107496789996,0.03804505767044372,0.388749803018293,0.016690808954146964,0.37399562720366175,0.03625350493909039,0.37363371076044133,0.04348886174703228,-0.012438464136947158,0.0103041154382785,0.002103749198669408,6.401101806167537e-06,0.0020968789226192735,1.1258429352227077e-05,0.002078644974442679,2.250728707058986e-05,1.2799711040975634e-05,3.3093134865647827e-06,0.9627555574325452,0.0012152496855795016,0.9626347162425972,0.0009347822280307919,0.9632031377595874,0.0010809126374221147,-0.002425443558658369,-0.0005385135376440031,0.0008801458234341328,0.00041214894938015694,0.000753747263339153,0.0003861623584710178,0.0005676961327393282,0.00038382625874682906,-0.000747781958343084,-3.6764867909786576e-05,0.020333333333333464,0.000577350269189818,0.020400000000000064,0.0005477225575052263,0.02020000000000004,0.00042163702135583717,0.001000000000000334,0.000500000000000167,1.0,0.0,1.0,0.0,1.0,0.0,0.0,0.0,5183.666666666667,24.664414311579723,5183.2,17.73978579352333,5201.6,24.000925908049094,45.0,20.0,17974.333333333332,3197.0859127232284,18354.2,3008.868425172494,18410.3,2827.024979255298,-15.0,-2772.5,3.8214476190957676,0.05695341804538036,3.8166644283431572,0.04080276290373247,3.8225677782986507,0.04070849292609064,-0.07396112065024552,0.019021017986381672,0.8493333333333334,0.0049328828623159595,0.8518000000000001,0.004868264577853614,0.8498000000000001,0.005633234713142747,0.008000000000000007,0.0044999999999999485,22.854325408282836,1.3358547423816731,23.002840088877257,1.299912791425148,22.823690899231806,1.1343785014339114,2.2563411479791107,1.1836046866472483,90.16666666666667,0.11547005383792884,90.14,0.08944271909999038,90.16,0.09660917830792182,-0.20000000000000284,0.0,7.235359582220944e-06
72,-53.0,53.0,-0.00975400696864069,21.957719873520954,106.0,-53.0,-53.0,3.342,4.201,3.8109536236933796,0.22035775751880288,0.8589999999999995,3.342,3.342,3.332,4.195,3.8035965853658538,0.22166432396296204,0.8630000000000004,3.332,3.332,3.338,4.197,3.807005400696864,0.2208099870679561,0.859,3.339,3.338,25.0,34.0,27.631254355400696,1.9970236114381095,9.0,28.0,28.0,25.0,34.0,27.35383275261324,1.8520148967012182,9.0,27.0,27.0,25.0,34.0,27.525923344947735,1.9531954790777744,9.0,28.0,28.0,10.0,100.1,60.370641114982575,26.352338736271616,90.1,10.0,10.0,0.007357038327526144,0.02100000000000035,0.0030389941271992036,0.2889688990362693,0.007355562083822953,0.2864809688930662,0.2774216027874564,1.0,0.4477263194120882,0.3305424990207599,0.0021248745165710226,0.00211813234886671,9.979190711220843e-05,0.9624146216207093,1787,2766.0,3899.0,5146.0,21612,90.1,0.0003135671730474014,82.0,28700,20424,8276,0.007086622697686421,0.0003184913130931794,0.007008160616881272,0.0003201807743204729,0.0069681892428193285,0.0002825140647348299,0.00018976873234955935,0.0003107390785848049,0.00732554150134818,2.772559457212279e-05,0.007325240250741235,2.7701203210260516e-05,0.007283468692268912,5.213911265257484e-05,5.466321845628598e-05,1.7699264484017513e-05,0.2889985901982193,0.003947038184651917,0.28187104847412153,0.01144078855039194,0.28179176517096644,0.0109673039790639,0.0039024176851461534,-0.0019957455854980044,0.286381817713003,0.0018438080874631996,0.28629150120595864,0.0015859584355001418,0.2852122868117388,0.0017783990719905122,0.0019905343186769064,-0.000846540389243644,0.33230354085515507,0.05417608599746069,0.3144901707045723,0.047978792580864564,0.32164766772470976,0.050369470575767246,-0.10832344458549792,-0.028161184808798978,0.37530902678467765,0.03926461961549761,0.3618986844973945,0.03912699137641344,0.3635965575963423,0.04026289015026987,-0.060930559577403065,-0.03668451185717511,0.0021108395871816447,1.373654188313275e-05,0.0021057312275734865,1.259330363920532e-05,0.002087002552476501,2.261548066788286e-05,1.4652538563579131e-05,1.3726124802277383e-05,0.962672066540609,0.0012330460369153987,0.962719910764896,0.0008789225641024085,0.9629491932372607,0.0009083853811484874,0.0008265543994796509,-0.000799444579589359,0.0007580332162723265,0.0005366162613925053,0.0006512996590140535,0.00042795270669227886,0.0005401806739107236,0.00039192853918981014,-0.00029280808566584576,-0.0005202950220044649,0.020666666666666906,0.000577350269189818,0.02060000000000013,0.0005477225575052667,0.020300000000000075,0.0004830458915397428,0.0,0.000500000000000167,1.0,0.0,1.0,0.0,1.0,0.0,0.0,0.0,5175.0,33.71943060017358,5175.0,23.937418407173567,5193.3,27.560237057504416,-66.0,-10.5,17956.333333333332,3165.909084818027,19433.8,3017.378033989113,18931.7,2894.6614482526375,5491.0,2738.0,3.8333052343623297,0.04343181760050319,3.8160689560172414,0.04094612637408785,3.8161586501455376,0.03710495086766825,-0.002469190173076008,-0.03821515541166076,0.8536666666666667,0.006110100926607567,0.8526,0.005770615218500008,0.8513999999999999,0.005758086101785949,0.0040000000000000036,0.006000000000000005,22.83079885209664,1.3581123006360705,22.503308284337503,1.0599339861778816,22.778837231568954,1.1612668909039636,-2.437789041853083,-0.09072394693698627,90.16666666666667,0.11547005383792884,90.13999999999999,0.08944271909999038,90.14,0.08432740427115212,0.0,-0.10000000000000142,7.267221757047898e-06
73,-53.0,53.0,-0.010180640644145488,22.004815433136034,106.0,-8.32,-8.32,3.362,4.201,3.77610271311045,0.23403166612033247,0.8389999999999995,3.447,3.448,3.352,4.195,3.769461053737091,0.23483770963369516,0.8430000000000004,3.44,3.44,3.359,4.197,3.7725271486084364,0.23419743116682784,0.8380000000000001,3.443,3.444,25.0,34.0,27.664344477507438,1.9917010986206871,9.0,28.0,28.0,25.0,34.0,27.35291440574129,1.847155148229877,9.0,27.0,27.0,25.0,34.0,27.558235603010676,1.9499098981853482,9.0,27.0,27.0,10.0,100.1,54.72959565902328,27.862405893390342,90.1,10.0,10.0,0.006641659373359012,0.020999999999999908,0.00327880614939291,0.2662278851973754,0.0074262076459547565,0.2897129233651093,0.3114300717661474,1.0,0.4630781598886734,0.3725674207250815,0.002131097825328092,0.002112676056337952,0.00010671197320709854,0.9623065665557559,1789,2766.0,3897.0,5143.0,21506,90.1,0.0006382763737126574,82.0,28565,20246,8319,0.007055322432020581,0.00037059531502747745,0.006901650909805093,0.0003391506976405694,0.006925549481562712,0.0002975444818460785,-0.0007153789541671316,-0.00026280511090878613,0.007360889531714793,6.282403122145121e-05,0.007351058233278547,4.7801998998167324e-05,0.007307179529764235,5.8035589364029526e-05,7.064556213180317e-05,6.265439029404457e-05,0.2800877551949226,0.012160559740777574,0.27938806675195677,0.013481723819406212,0.28014426252373703,0.012003690780971823,-0.02274101383889393,-0.009419298076873889,0.2868947756108549,0.002635720829690485,0.28725588739115054,0.0019465069901500283,0.28592201483524504,0.0020259527699789935,0.003231954472043108,0.0026112443953600073,0.32486557397551935,0.055397443094698226,0.3235991252727359,0.04012456706396494,0.3150546639160859,0.04642748008320216,0.034008468978690976,-0.03715748780340347,0.3648609927813348,0.03118773871801165,0.37387186576014403,0.027840442063415634,0.3623386952361482,0.03970750941995339,0.042024921704321594,-0.009452818936540736,0.002122064773302186,1.0717800299813703e-05,0.0021134439875814684,1.4197094640964956e-05,0.0020949482115869837,2.2768826068415375e-05,6.22330875706947e-06,1.04379236603243e-05,0.9621030851325649,0.00044927893453796785,0.9625975720948201,0.0008869465594348091,0.9629254899838241,0.0009231179052845267,-0.00010805506495348283,0.00035924966726308405,0.000519406268491102,0.0001789740768780817,0.0007184562034124915,0.00038357790754266674,0.000568836392416532,0.0003870637833379465,0.000324709200665256,1.5950557499705127e-05,0.021000000000000203,0.0,0.02060000000000013,0.0005477225575052667,0.020400000000000064,0.0005163977794943843,-4.440892098500626e-16,-2.220446049250313e-16,1.0,0.0,1.0,0.0,1.0,0.0,0.0,0.0,5167.0,38.99999999999901,5168.0,27.667670664515505,5185.9,30.289161978048675,-3.0,-34.5,19746.333333333332,3140.0780775855433,19408.2,2994.500659542423,19458.5,2828.572519841064,-106.0,2692.5,3.7963357133917466,0.020655750841072608,3.80877508131852,0.045514304593469446,3.812314587629106,0.039609189411593054,-0.034478252088427475,-0.01847372113075174,0.8506666666666667,0.011150485789118302,0.849,0.008215838362576597,0.8498000000000001,0.007036413227712953,-0.020999999999999908,-0.008499999999999952,22.786014740677007,1.3940617352619722,22.505102306301097,1.0588673894234883,22.52772241307063,1.0048649587599807,0.04709555961508016,-1.1953467411190015,90.1,0.0,90.14,0.08944271909999038,90.13999999999999,0.08432740427115212,0.0,0.0,7.314997241161199e-06
74,-53.0,53.0,-0.0174082915013866,22.014624776244325,106.0,-53.0,-40.81,3.343,4.201,3.8922487099378666,0.26611531312496356,0.8579999999999997,3.343,3.37,3.333,4.195,3.8854716888405236,0.2678257837366103,0.8620000000000001,3.333,3.36,3.34,4.197,3.888431530171657,0.2666802506734598,0.8570000000000002,3.34,3.366,25.0,34.0,27.7797240846702,2.0609654282770022,9.0,28.0,28.0,25.0,34.0,27.45262751430477,1.9369771645668514,9.0,28.0,28.0,25.0,34.0,27.68080176922807,2.0268022826134087,9.0,28.0,28.0,10.0,100.2,67.72927651209324,30.46241987986676,90.2,10.0,10.0,0.006777021097342782,0.020999999999999908,0.0031863834612719266,0.2888141471280578,0.00738712087255342,0.2888305519436044,0.32709657036542983,1.0,0.46915285784124056,0.40260969171771505,0.0021222933327509283,0.0021137618810590404,9.70168291544306e-05,0.9633855211383718,1784,2759.0,3888.0,5131.0,15924,90.2,0.0012528406764538696,81.0,28487,20079,8408,0.006925239599409313,0.00038002408513467114,0.006935709712752211,0.00030937246922387875,0.006884781778666871,0.0002857887862174162,0.00013536172398376928,-0.00029000861509168117,0.007389630200777043,3.538956637691126e-05,0.007357990604510543,5.049353259707369e-05,0.007321485233212649,5.837966058743758e-05,-3.9086773401336705e-05,1.577939436523323e-05,0.2813369771205675,0.013085086208958601,0.2844075605840182,0.010539324951716052,0.28037356312420403,0.012159924442430192,0.022586261930682416,-7.737595410575726e-05,0.2883414814005933,0.001670561260286856,0.2875377856895445,0.002074277639955077,0.2864431011333457,0.0020380801429512687,-0.0008823714215048795,0.0011747915252691143,0.3053160816396779,0.025395595236537487,0.32708745293940844,0.03936010980604413,0.32250061519273987,0.04095285390992431,0.01566649859928243,0.024837483788986703,0.36857320382118547,0.036199245742301316,0.38022083855936584,0.03047800002510724,0.37295291469986214,0.03390558558040269,0.03004227099263357,0.03603359634847758,0.002126088558216681,4.526057359748979e-06,0.0021171819839247907,1.3396265187913892e-05,0.002100511008769192,2.1868708873182553e-05,-8.804492577163796e-06,-1.2905919100471633e-06,0.962702236438279,0.0005942032146564119,0.9627416574631911,0.0009564515510197067,0.9629070940003593,0.0009106066445828607,0.0010789545826159763,0.00048544975883124675,0.0007348947410713095,0.0004770325043785307,0.0008330433397967013,0.00044915408125085604,0.0006801242406766535,0.00040939579898388844,0.0006145643027412122,0.0004696367517032341,0.021000000000000057,0.0,0.020800000000000107,0.00044721359550000674,0.020500000000000053,0.0005270462766947693,0.0,-2.220446049250313e-16,1.0,0.0,1.0,0.0,1.0,0.0,0.0,0.0,5140.0,7.937253933188902,5159.8,31.932741817765876,5177.9,33.3348332995713,-12.0,-7.5,19680.666666666668,3253.800444608324,18259.8,3013.1384302749857,18883.9,2911.8094584334126,-5582.0,-2844.0,3.8226546931589858,0.05951581035583636,3.8321748763734163,0.05123265855832693,3.8200266060175423,0.04632976142729523,0.11590438156322058,0.040713064737396554,0.8513333333333334,0.011590225767142354,0.8512000000000001,0.00867179335547066,0.8506,0.007381658952357046,0.019000000000000128,-0.0009999999999998899,21.99238669430044,0.030420341060679878,22.502367353134055,1.0604233264615597,22.5274457033018,1.0050214717523964,0.009809343108290847,0.028452451361685505,90.13333333333333,0.05773502691896955,90.16,0.08944271909998859,90.15,0.08498365855987294,0.10000000000000853,0.05000000000000426,6.9210259274399735e-06
75,-53.0,53.0,-0.0026610191694699547,24.46410938157385,106.0,-36.24,-36.24,3.342,4.201,3.816708047683507,0.24371097734587,0.8589999999999995,3.38,3.38,3.332,4.195,3.8094837780009607,0.24521590739469004,0.8630000000000004,3.371,3.371,3.339,4.197,3.8128057726736824,0.24422697522235984,0.8580000000000001,3.376,3.377,25.0,34.0,28.239247194445657,1.9485787863377027,9.0,28.0,28.0,25.0,34.0,27.86162176324178,1.8605889284170618,9.0,28.0,28.0,25.0,34.0,28.12366272215187,1.920358629552319,9.0,28.0,28.0,10.0,100.1,59.762154491070255,28.863699717869142,90.1,10.0,10.0,0.007224269682546631,0.020999999999999908,0.0033765745132381822,0.28592213600835426,0.007370602265951105,0.2860630721880515,0.37762543120387754,1.0,0.48479321871491055,0.38252832438878953,0.0021372567625635047,0.0021279877144395627,9.7614164872635e-05,0.9609269472340274,1781,2755.0,3883.0,5123.0,15861,90.1,0.001042772526553352,81.0,22901,20124,2777,0.0068809833844161415,0.0003049013134492225,0.007033451615190231,0.0003075243560436553,0.0069528482316036045,0.0002764049364200449,0.0004472485852038497,0.0002913051545938095,0.00739464359481976,2.8555788976595895e-05,0.007368078346729781,4.587412925538929e-05,0.00733162443396784,5.708223982065175e-05,-1.6518606602314474e-05,-2.780269000182559e-05,0.28032138944459584,0.012290690727291935,0.282999909744236,0.009533429622510806,0.28277264355706705,0.010348852610453506,-0.0028920111197035525,0.009847125405489432,0.28820218249892177,0.0019043344041753884,0.2871155901928441,0.002126570818241348,0.2865548719205834,0.0019765349972247098,-0.002767479755552915,-0.0018249255885288973,0.33871735777848494,0.03459390738044876,0.33586374469917313,0.045611222539459165,0.3314578531634022,0.04235303447791214,0.05052886083844771,0.03309767971886507,0.38590181227719533,0.015302608503082002,0.3759441988901018,0.027695945921543553,0.3769593710297577,0.032228147913778385,-0.020081367328925515,0.004980451831854027,0.002130215973547508,7.52059205525314e-06,0.002125148883044198,1.016160173355939e-05,0.002106866820407838,2.243892468284173e-05,1.4963429812576371e-05,3.0794686177062873e-06,0.9622063449760517,0.0012323472256497727,0.9621243447540188,0.0009259300364907595,0.9626739494959429,0.0010912198722956234,-0.002458573904344452,-0.0006898096608642379,0.0009779631922399597,0.0003123659839219946,0.0007707664016961055,0.00037416310895995494,0.0007803600032522111,0.00035437863315964903,-0.00021006814990051745,0.00020224807642034735,0.020999999999999908,0.0,0.021000000000000085,0.0,0.020600000000000042,0.0005163977794943455,0.0,0.0,1.0,0.0,1.0,0.0,1.0,0.0,0.0,0.0,5132.333333333333,10.066445913690387,5151.0,35.33411948811084,5169.4,35.56902522637652,-8.0,-10.0,17763.666666666668,3241.108812325395,18204.8,3063.682539036968,18289.6,2855.535061750947,-63.0,-2822.5,3.8245881504845918,0.05884364652659936,3.818048888604116,0.042570272837130996,3.8240817973145447,0.043363426120851194,-0.07562575749797462,0.02013931203262298,0.8510000000000001,0.01126942766958456,0.8534,0.008734987120768091,0.8524,0.006669999167085015,0.0009999999999998899,0.010000000000000009,22.827849863651398,1.4170507977122444,22.967355675969838,1.3354248079181568,22.774359979354994,1.15219978305536,2.4494846053295234,1.2296469742189071,90.13333333333333,0.05773502691896955,90.12,0.04472135955000498,90.15,0.08498365855987294,-0.10000000000000853,0.0,7.1378489312898956e-06
76,-53.0,53.0,-0.010119039258374951,21.94141961357356,106.0,-8.69,-8.69,3.362,4.201,3.8095848023035326,0.22036182144685199,0.8389999999999995,3.446,3.447,3.352,4.195,3.802301917269471,0.22164016246276785,0.8430000000000004,3.439,3.44,3.359,4.197,3.8056804902029633,0.22079162236772687,0.8380000000000001,3.442,3.443,25.0,34.0,27.664372498068683,2.016959419897899,9.0,28.0,28.0,25.0,34.0,27.381908841913056,1.8858345410995145,9.0,28.0,28.0,25.0,34.0,27.555376079780885,1.978163784619896,9.0,28.0,28.0,10.0,100.1,60.34152679261183,26.196217652815506,90.1,10.0,10.0,0.007282885034061348,0.02100000000000035,0.0030302399300196656,0.28652926447413707,0.007428592636579573,0.28847687538844435,0.2824636561556289,1.0,0.45019766670521916,0.33506532066508316,0.0021513752680169178,0.002146797117343384,9.878231991240144e-05,0.9620627714514733,1784,2756.0,3882.0,5121.0,21446,90.1,0.00020449914508124156,81.0,28478,20208,8270,0.00709472527131692,0.0002766963976612871,0.007056574702967183,0.0003240066785502507,0.00700606932087406,0.00028427730684323565,5.861535151471635e-05,0.000252931968359283,0.0073954385916947,2.9876564565016315e-05,0.007393617100972362,3.2808153172095174e-05,0.00734828041059782,5.8794434669259875e-05,5.799037062846797e-05,2.073588201307675e-05,0.287088515870183,0.0015249602198459092,0.2832924663688388,0.009634609504016692,0.28207689196096053,0.009765969952466574,0.0006071284657828135,-0.0011424413269603695,0.28779016650670014,0.0015061251161669377,0.28791287835565516,0.0015710288881691042,0.2868102612199545,0.0020494658212580315,0.002413803200392861,-0.00017683827758002701,0.3290618859083121,0.04761131910030034,0.315207466455708,0.040470824157175275,0.325592666124977,0.04485429777601841,-0.09516177504824863,-0.02231645710490046,0.3734011122571959,0.034684867250649995,0.3646626513034858,0.03107182125058853,0.36932913925357375,0.03220914273699943,-0.047463003723706376,-0.033772185526315945,0.0021369751211104504,1.4543013138110487e-05,0.0021333795410460933,1.1611682890586072e-05,0.0021151292318326836,2.205314668394392e-05,1.4118505453413095e-05,1.4540967632994733e-05,0.9621250799412908,0.00123047071144153,0.9622192856000675,0.0008804139066474179,0.9624270009213323,0.000883631546535595,0.0011358242174459576,-0.0006613748434492472,0.0008333707826961544,0.0005546546757650227,0.0006903911789697045,0.0004531350252153427,0.0007220692211544289,0.00039830834737170404,-0.0008382733814721106,-0.000524170765686314,0.021000000000000057,0.0,0.021000000000000085,0.0,0.020700000000000073,0.0004830458915396902,4.440892098500626e-16,2.220446049250313e-16,1.0,0.0,1.0,0.0,1.0,0.0,0.0,0.0,5125.0,5.291502622121446,5132.8,11.366617790710418,5158.0,30.048109572615175,-2.0,-5.0,17743.666666666668,3206.469449929834,19269.8,3083.6922998250016,18812.0,2912.5322697306356,5585.0,2761.0,3.835639264349434,0.045858040849506544,3.817290068470721,0.04279454455626383,3.816977248406938,0.0394207116759524,-0.007125282470719085,-0.041375519984346854,0.8510000000000001,0.01126942766958456,0.85,0.01097724920004941,0.8509,0.008061568636990736,-0.020000000000000018,-0.009500000000000064,22.806717923797247,1.4358097304982864,22.476537815609746,1.1115136008024362,22.7396889522435,1.1734767056076676,-2.522689768000287,-0.036602581335381856,90.13333333333333,0.05773502691896955,90.11999999999999,0.04472135955000498,90.13,0.06749485577105423,0.0,-0.05000000000000426,7.024537994614544e-06
77,-53.0,53.0,-0.009822458163408975,21.980443629387572,106.0,-27.5,-27.5,3.341,4.201,3.778566797918717,0.2365739487626613,0.8599999999999994,3.399,3.4,3.331,4.195,3.771905146955421,0.23738184650920433,0.8640000000000003,3.391,3.392,3.338,4.197,3.7749866052594565,0.23673584999722108,0.859,3.396,3.396,25.0,34.0,27.695155393053017,2.020267964173716,9.0,28.0,28.0,25.0,34.0,27.391506117283082,1.8940635474839413,9.0,28.0,28.0,25.0,34.0,27.583251300801575,1.9856383963553852,9.0,28.0,28.0,10.0,100.1,54.7799219519055,28.230596697748677,90.1,10.0,10.0,0.00666165096329631,0.02100000000000035,0.0033063889908577374,0.266116411850672,0.0074873768934659805,0.29112646977281986,0.3036492757699339,1.0,0.45983300566002067,0.35169724541318803,0.002157514085670244,0.0021381578947368258,0.00010753758449619291,0.9617247430006474,1779,2749.0,3873.0,5110.0,21328,90.1,0.0013600540218650955,81.0,28444,20003,8441,0.007056268559968097,0.0003430032442420246,0.006917497230121217,0.0003118072177592588,0.006962828923501243,0.000301755512038763,-0.000621234070765038,-0.0002813093596251608,0.007428857265332219,5.838776352206475e-05,0.007419980062900967,4.5202835110794663e-05,0.007372610156821101,6.117524178360676e-05,5.8784256886407205e-05,5.838731375743759e-05,0.2795226041110544,0.011614070967376003,0.2787219689317193,0.011507068784546408,0.28029650870292044,0.010944348382100502,-0.020412852623465094,-0.00990286207884114,0.28855547244977187,0.002532613649749399,0.2888419785316059,0.001859650267692437,0.28756673986878223,0.0021123075738948417,0.0026495943843755088,0.002531698792384185,0.3212461210431468,0.04996176118053037,0.32045300105220353,0.035776362813322256,0.3174715858783879,0.04002296432335767,0.021185619614304985,-0.03698807771697182,0.35643029682235355,0.02408288837225455,0.36889360058197146,0.026345040341743054,0.36539614253968294,0.031661846206238416,0.016631924748104876,-0.01541553948780075,0.0021487153720835556,1.0387303290333956e-05,0.0021399074548659374,1.4460266481838503e-05,0.0021228193412197115,2.208770068251105e-05,6.138817653326273e-06,1.0128661553369684e-05,0.9615714872287161,0.0005832149363348347,0.9620813098760552,0.0008960670047030952,0.9624006103204756,0.0009019295082376112,-0.0003380284508259779,0.0003988978833099899,0.0008691085644998964,0.000597031110664942,0.0008996885487332432,0.00047664201741804226,0.0007754941038736485,0.0004466625782243464,0.001155554876783854,0.00015864074765587171,0.021000000000000203,0.0,0.021000000000000085,0.0,0.020800000000000107,0.00042163702135583457,0.0,2.220446049250313e-16,1.0,0.0,1.0,0.0,1.0,0.0,0.0,0.0,5118.0,6.999999999994153,5125.6,12.280065146410955,5150.3,31.615924257652722,-11.0,-6.5,19545.0,3190.983077360329,19213.0,3031.9460747183493,19323.4,2854.060468097266,-118.0,2733.5,3.797824289378701,0.02009632490082673,3.810886309383239,0.04691550951260108,3.81347763270024,0.0416036199771267,-0.030693884943506777,-0.01890958370711293,0.8516666666666667,0.011846237095944434,0.85,0.01097724920004941,0.8513,0.008380532998166504,0.020999999999999908,0.0004999999999999449,22.79532420817833,1.445342064931728,22.481082566783066,1.1089053216831954,22.49219542556029,1.0227283350784435,0.03902401581401094,-1.241832876093138,90.1,0.0,90.12,0.04472135955000498,90.13,0.06749485577105423,0.0,0.0,7.035356444178619e-06
78,-53.0,53.0,-0.010768793954485123,24.469285872593776,106.0,-48.44,-45.13,3.342,4.201,3.815762591185078,0.2451593224357373,0.8589999999999995,3.352,3.359,3.332,4.195,3.8084241034377317,0.24668852999176732,0.8630000000000004,3.342,3.349,3.338,4.197,3.8117906783733018,0.2457009731296605,0.859,3.349,3.356,26.0,34.0,28.400602804350676,1.8385813587425703,8.0,28.0,28.0,26.0,34.0,28.015026427292185,1.7834647616674,8.0,28.0,28.0,26.0,34.0,28.28807932555803,1.8192359376037675,8.0,28.0,28.0,10.0,100.1,59.55948106408072,29.070277248269747,90.1,10.0,10.0,0.007338487747346358,0.020999999999999908,0.003398078618506356,0.2900203248342615,0.007457384806973848,0.28931759322403716,0.3855763770584895,1.0,0.4867311727359765,0.39372353673723537,0.002151168968719459,0.0021395348837209426,0.00010186712646729647,0.9616223038716316,1776,2745.0,3867.0,5102.0,15834,90.1,0.0009621857769083781,80.0,22893,20075,2818,0.007094341248234672,0.0003757506852171889,0.007056862904918686,0.00031341964679907795,0.006979256907361888,0.0003185465588517977,0.0006768367840500481,2.7801356642505066e-05,0.007457784779006468,2.939416945006334e-05,0.007426215495104785,4.831954631109133e-05,0.007388636864191665,6.0185614439146624e-05,-2.999208649213242e-05,1.4396085197137393e-05,0.2808886670530235,0.012911681471909917,0.28348045685909656,0.00984867007536908,0.28143426180552666,0.011337655350190243,0.023903912983589515,0.0017455301800622103,0.28964031279510044,0.0013539566247076661,0.2887629125033914,0.0018213733637749985,0.28800939994727104,0.001946591702156642,-0.0018088765487827008,0.000420358917796404,0.32389643632801746,0.054456578445550095,0.3352822621106719,0.045221395590073765,0.3294406936917039,0.04077180564594037,0.08192710128855563,0.051556360451430305,0.3601620342718355,0.030231375522921773,0.3731248237844022,0.028678202212302717,0.37349834477227317,0.026648979894897937,0.04202629132404734,0.029329108036076107,0.0021533527741355407,3.605277398083041e-06,0.002143921683544211,1.4186606264138255e-05,0.0021286828355628396,2.0905857903533804e-05,-6.345116950785042e-06,-1.0314964872938474e-07,0.9618032727745841,0.00023049537148484998,0.9619444573392302,0.0009052689053315399,0.9622710147170253,0.0009123316387091981,-0.00010243912901575225,-0.00022023378992086506,0.0008422463146182385,0.0005870399256230976,0.0009644704293723874,0.0004536894777979277,0.0008414633163924395,0.0004167562719802763,-0.00039786824495671746,0.00037884331591356827,0.021000000000000203,0.0,0.021000000000000085,0.0,0.020800000000000107,0.00042163702135583457,-4.440892098500626e-16,-2.220446049250313e-16,1.0,0.0,1.0,0.0,1.0,0.0,0.0,0.0,5111.0,9.539392014165166,5117.4,11.414902540105077,5142.7,33.30682279118484,-8.0,-9.5,19536.0,3206.568882777976,18078.6,3020.606859556537,18743.4,2920.882484607855,-5494.0,-2806.0,3.797485924611907,0.019723035475347855,3.818739015336212,0.0419086144047724,3.8137570483273664,0.041579556259445614,0.03680407311384526,0.003055094085169241,0.852,0.012124355652981974,0.8542000000000002,0.009093954035510849,0.8516,0.008617811013632844,0.0,0.010499999999999954,22.79704970518497,1.44833044162758,22.97397665467462,1.362908942582121,22.739539480487856,1.1768362306071136,2.4888422432062036,1.2639331295101073,90.1,0.0,90.11999999999999,0.04472135955000498,90.13,0.06749485577105423,0.0,0.0,6.562678700244855e-06
79,-53.0,53.0,-0.008979591836734822,22.038497774298605,106.0,-11.85,-11.85,3.356,4.201,3.8772307719609582,0.25392666447699425,0.8449999999999998,3.442,3.442,3.346,4.195,3.8707552085181898,0.2558801674859208,0.8490000000000002,3.435,3.434,3.353,4.197,3.873668429458739,0.2547341258453688,0.8439999999999999,3.438,3.438,25.0,35.0,27.72088731144632,2.105092130353128,10.0,28.0,28.0,25.0,34.0,27.415900621118013,1.9620216338339054,9.0,28.0,28.0,25.0,34.0,27.625377107364685,2.0538349471170854,9.0,28.0,28.0,10.0,100.1,66.37708606921029,29.550301467715624,90.1,10.0,10.0,0.006475563442768422,0.02100000000000035,0.003455509728887528,0.26711047254744075,0.00746185121975705,0.2895809326351053,0.3049866903283052,1.0,0.46040179088584315,0.3725027607669913,0.0021678643859938656,0.0021582733812950134,9.324057671990265e-05,0.9614075385636747,1786,2753.0,3874.0,5106.0,21243,90.1,0.0012722901272397354,80.0,28175,19922,8253,0.006825234051137031,0.0004541246071602514,0.006996571374003814,0.0003982303930914795,0.006966140543378012,0.00033771379028002795,-0.0008629243045779359,-9.304376026394393e-05,0.0074688709733989585,1.6181440570913786e-05,0.007441161564545512,4.461979555999389e-05,0.007399576084528027,6.276553675972452e-05,4.466412783201562e-06,-1.2762836854465429e-05,0.27441573641079137,0.013523107041898162,0.2791397219429731,0.011546681833239453,0.28177364126349563,0.010785732536054823,-0.022909852286820742,0.0004970303483843863,0.2900083318773208,0.000977246732596057,0.2889129886416916,0.0018588686967251022,0.2882253871656181,0.0019933233036553265,0.00026333941106815306,-0.0007727685688572739,0.3314041143855762,0.04691932119876101,0.33086028610324697,0.04725712972049025,0.3289738695213277,0.04104929812454193,-0.0805896867301843,0.0006687072791856652,0.3726411809724716,0.021013487590791812,0.3671034375942575,0.023661684194163438,0.37366213807681165,0.02663602543327233,-0.021220775970244077,0.01040275767690163,0.002158849146794523,8.427397620041607e-06,0.002153035894192798,1.112612301069024e-05,0.002135108939058795,2.2177965392854238e-05,1.66954172744066e-05,5.175150161810778e-06,0.9615848618119847,0.00016188296571560107,0.9615488608242909,0.00042047028700856605,0.9621452591437409,0.0009382779072570046,-0.00021476530795694337,-0.0001586022184863478,0.001198176642004403,0.00020903203488108982,0.0009683603195295605,0.0004568524050019769,0.000900701829663131,0.0004330243446006778,0.0003101043503313573,-4.388194731268008e-05,0.021000000000000203,0.0,0.021000000000000175,0.0,0.02090000000000014,0.0003162277660168848,4.440892098500626e-16,0.0,1.0,0.0,1.0,0.0,1.0,0.0,0.0,0.0,5106.0,3.999999999989768,5112.4,9.2357999112202,5136.1,33.39477670400034,4.0,-2.0,19468.333333333332,3147.7119203213833,19142.4,3008.697276231028,18701.1,2876.5818237778253,5409.0,-42.5,3.820148571030499,0.049868992210354755,3.8157863951936286,0.03585363276062484,3.823980635783523,0.042573503664969634,0.06187775108543736,0.04934091209964131,0.854,0.008660254037844338,0.8516,0.009914635646355602,0.8513999999999999,0.008783823515735078,-0.015000000000000124,-0.007500000000000062,22.829409092093318,1.4204715633738534,22.978751254285477,1.3587433411111778,22.740559303709766,1.1761556230392523,-2.430788098295171,0.02902707245551639,90.1,0.0,90.1,0.0,90.13,0.06749485577105423,0.0,0.0,7.027888543065811e-06
